,Compound Name,Compound SMILES,Compound InChIKey
1,(-)-Cotinine,CN1C(=O)CC[C@H]1c2cccnc2 {A6=S},UIKROCXWUNQSPJ-VIFPVBQESA-N
2,(-)-JQ1,Cc1nnc2[C@@H](CC(=O)OC(C)(C)C)N=C(c3c(C)c(C)sc3n12)c4ccc(Cl)cc4 {A5=R},DNVXATUJJDPFDM-QGZVFWFLSA-N
3,(-)-Quinpirole hydrochloride,CCCN1CCC[C@@H]2Cc3n[nH]cc3C[C@@H]12 {A7=R;A15=R},FTSUPYGMFAPCFZ-ZWNOBZJWSA-N
5,(+)-JQ1,Cc1nnc2[C@H](CC(=O)OC(C)(C)C)N=C(c3c(C)c(C)sc3n12)c4ccc(Cl)cc4 {A5=S},DNVXATUJJDPFDM-KRWDZBQOSA-N
7,(+)-Tubocurarine chloride,COc1cc2CC[N+](C)(C)[C@@H]3Cc4ccc(O)c(c4)Oc5cc6c(cc5OC)CCN(C)[C@H]6Cc7ccc(cc7)Oc(c1O)c23 {A10=R;A32=S},JFJZZMVDLULRGK-URLMMPGGSA-O
10,(R)-(-)-Rolipram,COc1ccc(cc1OC2CCCC2)[C@@H]3CNC(=O)C3 {A14=R},HJORMJIFDVBMOB-LBPRGKRZSA-N
15,(S)-(-)-Propranolol hydrochloride,CC(C)NC[C@H](O)COc1cccc2ccccc12 {A5=S},AQHHHDLHHXJYJD-AWEZNQCLSA-N
19,"1,2,3,4,5,6-Hexabromocyclohexane",BrC1C(Br)C(Br)C(Br)C(Br)C1Br,QFQZKISCBJKVHI-UHFFFAOYSA-N
31,3-Aminobenzamide,NC(=O)c1cccc(N)c1,GSCPDZHWVNUUFI-UHFFFAOYSA-N
33,3-hydroxy-2-methyl-4-pyrone,CC1=C(O)C(=O)C=CO1,XPCTZQVDEJYUGT-UHFFFAOYSA-N
39,5-Azacytidine,NC1=NC(=O)N(C=N1)[C@@H]2O[C@H](CO)[C@@H](O)[C@H]2O {A8=R;A10=R;A13=S;A15=R},NMUSYJAQQFHJEW-KVTDHHQDSA-N
41,5-Methylfurmethiodide,Cc1ccc(C[N+](C)(C)C)o1,KOWVJDFMEZKDDT-UHFFFAOYSA-N
55,ABT 751,COc1ccc(cc1)S(=O)(=O)Nc2cccnc2Nc3ccc(O)cc3,URCVCIZFVQDVPM-UHFFFAOYSA-N
58,acamprosate,CC(=O)NCCCS(=O)(=O)O,AFCGFAGUEYAMAO-UHFFFAOYSA-N
61,acetylcholine,CC(=O)OCC[N+](C)(C)C,OIPILFWXSMYKGL-UHFFFAOYSA-N
63,acitretin,COc1cc(C)c(/C=C/C(C)=C/C=C/C(C)=C/C(=O)O)c(C)c1C,IHUNBGSDBOWDMA-AQFIFDHZSA-N
69,AEG 3482,NS(=O)(=O)c1nn2cc(nc2s1)c3ccccc3,MQUYTXDAVCOCMX-UHFFFAOYSA-N
70,AG 18,N#CC(C#N)=Cc1ccc(O)c(O)c1,VTJXFTPMFYAJJU-UHFFFAOYSA-N
72,AG 879,CC(C)(C)c1cc(/C=C(C#N)/C(N)=S)cc(c1O)C(C)(C)C,XRZYELWZLNAXGE-KPKJPENVSA-N
80,albuterol,CC(C)(C)NCC(O)c1ccc(O)c(c1)CO {A6=q},NDAUXUAQIAJITI-UHFFFAOYSA-N
82,alimemazine,CC(CN(C)C)CN1c2ccccc2Sc3ccccc13.CC(CN(C)C)CN1c2ccccc2Sc3ccccc13,QVKSGMJGGSXIQM-UHFFFAOYSA-N
85,alprazolam,Cc1nnc2CN=C(c3ccccc3)c4cc(Cl)ccc4n12,VREFGVBLTWBCJP-UHFFFAOYSA-N
87,altretamine,CN(C)c1nc(nc(n1)N(C)C)N(C)C,UUVWYPNAQBNQJQ-UHFFFAOYSA-N
88,amantadine,NC12CC3CC(CC(C3)C1)C2,DKNWSYNQZKUICI-UHFFFAOYSA-N
93,Aminophylline,CN1C(=O)c2[nH]cnc2N(C)C1=O,ZFXYFBGIUFBOJW-UHFFFAOYSA-N
95,amiodarone,CCCCc1oc2ccccc2c1C(=O)c3cc(I)c(OCCN(CC)CC)c(I)c3,IYIKLHRQXLHMJQ-UHFFFAOYSA-N
96,Amlexanox,CC(C)c1ccc2Oc3nc(N)c(cc3C(=O)c2c1)C(=O)O,SGRYPYWGNKJSDL-UHFFFAOYSA-N
97,amoxapine,Clc1ccc2Oc3ccccc3N=C(c2c1)N4CCNCC4,QWGDMFLQWFTERH-UHFFFAOYSA-N
101,Anagrelide hydrochloride,O=C1CN2Cc3c(Cl)c(Cl)ccc3N=C2N1,OTBXOEAOVRKTNQ-UHFFFAOYSA-N
102,Anastrozole,CC(C)(C#N)c1cc(cc(c1)C(C)(C)C#N)Cn2cncn2,YBBLVLTVTVSKRW-UHFFFAOYSA-N
105,Anisomycin,COc1ccc(cc1)C[C@H]2NC[C@H](O)[C@H]2OC(C)=O {A9=R;A12=S;A14=S},YKJYKKNCCRKFSL-RDBSUJKOSA-N
112,API-2,CN1N=C(N)c2cn(c3ncnc1c23)[C@@H]4O[C@H](CO)[C@@H](O)[C@H]4O {A14=R;A16=R;A19=S;A21=R},HOGVTUZUJGHKPL-HTVVRFAVSA-N
113,Apigenin,O=C1C=C(Oc2cc(O)cc(O)c12)c3ccc(O)cc3,KZNIFHPLKGYRTM-UHFFFAOYSA-N
115,AR-A 014418,COc1ccc(cc1)CNC(=O)Nc2ncc(s2)[N+](=O)[O-],YAEMHJKFIIIULI-UHFFFAOYSA-N
118,Arctigenin,COc1ccc(cc1OC)C[C@H]2COC(=O)[C@@H]2Cc3ccc(O)c(c3)OC {A11=R;A16=R},NQWVSMVXKMHKTF-JKSUJKDBSA-N
119,aripiprazole,O=C1CCc2ccc(cc2N1)OCCCCN3CCN(CC3)c4cccc(Cl)c4Cl,CEUORZQYGODEFX-UHFFFAOYSA-N
122,articaine,CCCNC(C)C(=O)Nc1c(C)csc1C(=O)OC,QTGIAADRBBLJGA-UHFFFAOYSA-N
126,aspirin,CC(=O)Oc1ccccc1C(=O)O,BSYNRYMUTXBXSQ-UHFFFAOYSA-N
129,AT7867,Clc1ccc(cc1)C2(CCNCC2)c3ccc(cc3)c4cn[nH]c4,LZMOSYUFVYJEPY-UHFFFAOYSA-N
130,AT-9283,O=C(Nc1c[nH]nc1c2nc3cc(ccc3[nH]2)CN4CCOCC4)NC5CC5,LOLPPWBBNUVNQZ-UHFFFAOYSA-N
131,atenolol-(),CC(C)NCC(O)COc1ccc(cc1)CC(N)=O {A5=q},METKIMKYRPQLGS-UHFFFAOYSA-N
133,atomoxetine,CNCC[C@@H](Oc1ccccc1C)c2ccccc2 {A4=R},VHGCDTVCOLNTBX-QGZVFWFLSA-N
134,atorvastatin,CC(C)c1c(C(=O)Nc2ccccc2)c(c(c3ccc(F)cc3)n1CC[C@@H](O)C[C@@H](O)CC(=O)O)c4ccccc4 {A26=R;A29=R},XUKUURHRXDUEBC-KAYWLYCHSA-N
135,Atracurium besilate,COc1ccc(cc1OC)CC2c3cc(OC)c(cc3CC[N+]2(C)CCC(=O)OCCCCCOC(=O)CC[N+]4(C)CCc5cc(OC)c(cc5C4Cc6ccc(OC)c(c6)OC)OC)OC,YXSLJKQTIDHPOT-UHFFFAOYSA-N
141,Axitinib,CNC(=O)c1ccccc1Sc2ccc3c(/C=C/c4ccccn4)n[nH]c3c2,RITAVMQDGBJQJZ-FMIVXFBMSA-N
143,AZ 20,C[C@@H]1COCCN1c2cc(nc(n2)c3cccc4[nH]ccc34)C5(CC5)S(C)(=O)=O {A1=R},SCGCBAAYLFTIJU-CQSZACIVSA-N
145,AZ 628,Cc1ccc(cc1Nc2ccc3N=CN(C)C(=O)c3c2)NC(=O)c4cccc(c4)C(C)(C)C#N,ZGBGPEDJXCYQPH-UHFFFAOYSA-N
147,azathioprine,Cn1cnc(c1Sc2ncnc3nc[nH]c23)[N+](=O)[O-],LMEKQMALGUDUQG-UHFFFAOYSA-N
149,AZD 1480,Cc1cc(n[nH]1)Nc2nc(ncc2Cl)N[C@@H](C)c3ncc(F)cn3 {A15=S},PDOQBOJDRPLBQU-QMMMGPOBSA-N
151,AZD 5438,Cc1ncc(c2ccnc(n2)Nc3ccc(cc3)S(C)(=O)=O)n1C(C)C,WJRRGYBTGDJBFX-UHFFFAOYSA-N
152,AZD 7762 hydrochloride,NC(=O)Nc1cc(sc1C(=O)N[C@H]2CCCNC2)c3cccc(F)c3 {A12=S},IAYGCINLNONXHY-LBPRGKRZSA-N
155,azelastine,CN1CCCC(CC1)N2N=C(Cc3ccc(Cl)cc3)c4ccccc4C2=O,MBUVEWMHONZEQD-UHFFFAOYSA-N
161,barasertib-HQPA,CCN(CCO)CCCOc1ccc2c(c1)ncnc2Nc3cc(CC(=O)Nc4cccc(F)c4)n[nH]3,QYZOGCMHVIGURT-UHFFFAOYSA-N
163,Bay 59-3074,N#Cc1c(cccc1C(F)(F)F)Oc2cccc(c2)OS(=O)(=O)CCCC(F)(F)F,LWUSZIVDPJPVBW-UHFFFAOYSA-N
166,beclomethasone-dipropionate,CCC(=O)OCC(=O)[C@@]1(OC(=O)CC)[C@@H](C)C[C@H]2[C@@H]3CCC4=CC(=O)C=C[C@]4(C)[C@@]3(Cl)[C@@H](O)C[C@]12C {A8=R;A14=S;A17=S;A18=S;A27=S;A29=R;A31=S;A34=S},KUVIULQEHSCUHY-XYWKZLDCSA-N
168,benazepril,CCOC(=O)[C@H](CCc1ccccc1)N[C@H]2CCc3ccccc3N(CC(=O)O)C2=O {A5=S;A15=S},XPCFTKFZXHTYIP-PMACEKPBSA-N
169,bendroflumethiazide,NS(=O)(=O)c1cc2c(cc1C(F)(F)F)NC(Cc3ccccc3)NS2(=O)=O,HDWIHXWEUNVBIY-UHFFFAOYSA-N
172,benzthiazide,NS(=O)(=O)c1cc2c(cc1Cl)N=C(CSCc3ccccc3)NS2(=O)=O,NDTSRXAMMQDVSW-UHFFFAOYSA-N
173,benztropine,CN1[C@H]2CC[C@@H]1C[C@@H](C2)OC(c3ccccc3)c4ccccc4 {A2=S;A5=R},GIJXKZJWITVLHI-PMOLBWCYSA-N
174,bepridil,CC(C)COCC(CN(Cc1ccccc1)c2ccccc2)N3CCCC3,UIEATEWHFDRYRU-UHFFFAOYSA-N
176,bethanechol,CC(C[N+](C)(C)C)OC(N)=O,NZUPCNDJBJXXRF-UHFFFAOYSA-O
178,betulinic-acid,C=C(C)[C@@H]1CC[C@@]2(CC[C@]3(C)[C@H](CC[C@@H]4[C@@]5(C)CC[C@H](O)C(C)(C)[C@@H]5CC[C@@]34C)[C@@H]12)C(=O)O {A3=R;A6=S;A9=R;A11=R;A14=R;A15=R;A19=S;A24=R;A27=R;A29=R},QGJZLNKBHJESQX-FZFNOLFKSA-N
179,BGT226,COc1ccc(cn1)c2ccc3ncc4c(c3c2)N(C(=O)N4C)c5ccc(c(c5)C(F)(F)F)N6CCNCC6,BMMXYEBLEBULND-UHFFFAOYSA-N
181,BI-2536,CC[C@@H]1C(=O)N(C)c2cnc(nc2N1C3CCCC3)Nc4ccc(cc4OC)C(=O)NC5CCN(C)CC5 {A2=R},XQVVPGYIWAGRNI-JOCHJYFZSA-N
183,BIIB 021,COc1c(C)cnc(Cn2cnc3c2nc(N)nc3Cl)c1C,QULDDKSCVCJTPV-UHFFFAOYSA-N
184,Biotin,O=C(O)CCCC[C@@H]1SC[C@@H]2NC(=O)N[C@H]12 {A7=S;A10=R;A15=S},YBJHBAHKTGYVGT-ZKWXMUAHSA-N
185,biperiden,OC(CCN1CCCCC1)(c2ccccc2)C3CC4C=CC3C4,YSXKPIUOCJLQIE-UHFFFAOYSA-N
186,BIRB 796,Cc1ccc(cc1)n2nc(cc2NC(=O)Nc3ccc(OCCN4CCOCC4)c5ccccc35)C(C)(C)C,MVCOAUNKQVWQHZ-UHFFFAOYSA-N
188,BIX 01294,COc1cc2nc(nc(NC3CCN(Cc4ccccc4)CC3)c2cc1OC)N5CCCN(C)CC5,OSXFATOLZGZLSK-UHFFFAOYSA-N
190,BMS 345541,Cc1cnc2c(nc3ccc(C)cc3n12)NCCN,PSPFQEBFYXJZEV-UHFFFAOYSA-N
191,BMS 509744,COc1cc(C)c(cc1C(=O)N2CCN(CC2)C(C)=O)Sc3cnc(NC(=O)c4ccc(cc4)CNC(C)C(C)(C)C)s3,ZHXNIYGJAOPMSO-UHFFFAOYSA-N
194,Boldine,COc1cc2c(cc1O)C[C@H]3c4c(cc(O)c(OC)c24)CCN3C {A10=S},LZJRNLRASBVRRX-ZDUSSCGKSA-N
195,BRD 9876,CC(C)(C)c1ccc2cc(C#N)c(C#N)cc2c1,MKILROQBJOOZKC-UHFFFAOYSA-N
196,brimonidine,Brc1c(ccc2nccnc12)NC3=NCCN3,XYLJNLCSTIOKRM-UHFFFAOYSA-N
197,brivanib,Cc1cc2c(ccc(Oc3ncnn4cc(OC[C@@H](C)O)c(C)c34)c2F)[nH]1 {A18=R},WCWUXEGQKLTGDX-LLVKDONJSA-N
199,BRL 50481,Cc1ccc(cc1S(=O)(=O)N(C)C)[N+](=O)[O-],IFIUFCJFLGCQPH-UHFFFAOYSA-N
202,BS 181 dihydrochloride,CC(C)c1cnn2c1nc(cc2NCc3ccccc3)NCCCCCCN,DNYBIOICMDTDAP-UHFFFAOYSA-N
203,BSI 201,NC(=O)c1ccc(I)c(c1)[N+](=O)[O-],MDOJTZQKHMAPBK-UHFFFAOYSA-N
206,busulfan,CS(=O)(=O)OCCCCOS(C)(=O)=O,COVZYZSDYWQREU-UHFFFAOYSA-N
207,BX 795,O=C(NCCCNc1nc(ncc1I)Nc2cccc(c2)NC(=O)N3CCCC3)c4cccs4,VAVXGGRQQJZYBL-UHFFFAOYSA-N
210,C-1,O=S(=O)(c1cccc2cnccc12)N3CCNCC3,UPTYCYWTFGTCCG-UHFFFAOYSA-N
213,Calmidazolium chloride,Clc1ccc(cc1)C(c2ccc(Cl)cc2)[n+]3ccn(c3)CC(OCc4ccc(Cl)cc4Cl)c5ccc(Cl)cc5Cl,CTKNMSVWMRRCPW-UHFFFAOYSA-N
214,Calycanthine,CN1CC[C@]23c4ccccc4N[C@H]1[C@]25CCN(C)[C@H]3Nc6ccccc56 {A4=S;A12=R;A13=S;A18=R},XSYCDVWYEVUDKQ-GXRSIYKFSA-N
216,capecitabine,CCCCCOC(=O)NC1=NC(=O)N(C=C1F)[C@@H]2O[C@H](C)[C@@H](O)[C@H]2O {A17=R;A19=R;A21=S;A23=R},GAGWJHPBXLXJQN-UORFTKCHSA-N
217,captopril,C[C@H](CS)C(=O)N1CCC[C@H]1C(=O)O {A1=S;A10=S},FAKRSMQSSFJEIM-RQJHMYQMSA-N
218,carbamazepine,NC(=O)N1c2ccccc2C=Cc3ccccc13,FFGPTBGBLSHEPO-UHFFFAOYSA-N
220,carbinoxamine,CN(C)CCOC(c1ccc(Cl)cc1)c2ccccn2,OJFSXZCBGQGRNV-UHFFFAOYSA-N
224,Carvedilol,COc1ccccc1OCCNCC(O)COc2cccc3[nH]c4ccccc4c23,OGHNVEJMJSYVRP-UHFFFAOYSA-N
228,CCCP,N#CC(C#N)=NNc1cccc(Cl)c1,UGTJLJZQQFGTJD-UHFFFAOYSA-N
229,CCT 018159,CCc1cc(c2n[nH]c(C)c2c3ccc4OCCOc4c3)c(O)cc1O,OWPMENVYXDJDOW-UHFFFAOYSA-N
231,CD 1530,O=C(O)c1ccc(cc1)c2ccc3cc(c(O)cc3c2)C45CC6CC(CC(C6)C4)C5,YSGDXEKQTNMRQN-UHFFFAOYSA-N
232,celecoxib,Cc1ccc(cc1)c2cc(nn2c3ccc(cc3)S(N)(=O)=O)C(F)(F)F,RZEKVGVHFLEQIL-UHFFFAOYSA-N
235,cerivastatin,COCc1c(nc(c(/C=C/[C@@H](O)C[C@@H](O)CC(=O)O)c1c2ccc(F)cc2)C(C)C)C(C)C {A10=S;A13=R},SEERZIQQUAZTOL-ANMDKAQQSA-N
236,CGK-733,O=C(NC(NC(=S)Nc1ccc(F)c(c1)[N+](=O)[O-])C(Cl)(Cl)Cl)C(c2ccccc2)c3ccccc3,HLCDNLNLQNYZTK-UHFFFAOYSA-N
237,CGP 57380,Nc1ncnc2[nH]nc(Nc3ccc(F)cc3)c12,UQPMANVRZYYQMD-UHFFFAOYSA-N
239,CGS 9343B,CC1(CN2CCC(CC2)N3C(=O)Nc4ccccc34)OCc5ccccc5n6cccc16 {A1=q},HTGCJAAPDHZCHL-UHFFFAOYSA-N
241,Chelerythrine chloride,COc1ccc2c3ccc4cc5OCOc5cc4c3[n+](C)cc2c1OC,LLEJIEBFSOEYIV-UHFFFAOYSA-N
242,Chloramphenicol,O=C(NC(CO)C(O)c1ccc(cc1)[N+](=O)[O-])C(Cl)Cl,WIIZWVCIJKGZOK-UHFFFAOYSA-N
246,chlorpromazine,CN(C)CCCN1c2ccccc2Sc3ccc(Cl)cc13,ZPEIMTDSQAKGNT-UHFFFAOYSA-N
248,chlorthalidone,NS(=O)(=O)c1cc(ccc1Cl)C2(O)NC(=O)c3ccccc23,JIVPVXMEBJLZRO-UHFFFAOYSA-N
251,CI 994,CC(=O)Nc1ccc(cc1)C(=O)Nc2ccccc2N,VAZAPHZUAVEOMC-UHFFFAOYSA-N
253,CID 2858522,Cc1cc2nc(NCCCO)n(CC(=O)c3cc(c(O)c(c3)C(C)(C)C)C(C)(C)C)c2cc1C,CYCGGKILBWERDJ-UHFFFAOYSA-N
254,CID 755673,O=C1NCCCc2c3cc(O)ccc3oc12,AACFPJSJOWQNBN-UHFFFAOYSA-N
255,Ciglitazone,CC1(COc2ccc(cc2)CC3SC(=O)NC3=O)CCCCC1,YZFWTZACSRHJQD-UHFFFAOYSA-N
256,Cilostamide,CN(C(=O)CCCOc1ccc2NC(=O)C=Cc2c1)C3CCCCC3,UIAYVIIHMORPSJ-UHFFFAOYSA-N
257,Cilostazol,O=C1CCc2cc(ccc2N1)OCCCCc3nnnn3C4CCCCC4,RRGUKTPIGVIEKM-UHFFFAOYSA-N
258,Cimaterol,CC(C)NCC(O)c1ccc(N)c(C#N)c1 {A5=q},BUXRLJCGHZZYNE-UHFFFAOYSA-N
259,cimetidine,C/N=C(\NC#N)NCCSCc1nc[nH]c1C,AQIXAKUUQRKLND-UHFFFAOYSA-N
261,Cinanserin hydrochloride,CN(C)CCCSc1ccccc1NC(=O)/C=C/c2ccccc2,RSUVYMGADVXGOU-BUHFOSPRSA-N
264,ciprofibrate,CC(C)(Oc1ccc(cc1)C2CC2(Cl)Cl)C(=O)O,KPSRODZRAIWAKH-UHFFFAOYSA-N
265,Cisatracurium besylate,COc1ccc(cc1OC)C[C@@H]2c3cc(OC)c(cc3CC[N@+]2(C)CCC(=O)OCCCCCOC(=O)CC[N@@+]4(C)CCc5cc(OC)c(cc5[C@H]4Cc6ccc(OC)c(c6)OC)OC)OC {A11=R;A22=R;A39=R;A51=R},YXSLJKQTIDHPOT-LJCJQEJUSA-N
266,citalopram,CN(C)CCCC1(OCc2cc(C#N)ccc12)c3ccc(F)cc3 {A6=q},WSEQXVZVJXJVFP-UHFFFAOYSA-N
270,cladribine,Nc1nc(Cl)nc2c1ncn2[C@H]3C[C@H](O)[C@@H](CO)O3 {A11=R;A13=S;A15=R},PTOAARAWEBMLNO-KVQBGUIXSA-N
271,clofarabine,Nc1nc(Cl)nc2c1ncn2[C@@H]3O[C@H](CO)[C@@H](O)[C@@H]3F {A11=R;A13=R;A16=R;A18=S},WDDPHFBMKLOVOX-AYQXTPAHSA-N
272,Clofibrate,CCOC(=O)C(C)(C)Oc1ccc(Cl)cc1,KNHUKKLJHYUCFP-UHFFFAOYSA-N
273,clomipramine,CN(C)CCCN1c2ccccc2CCc3ccc(Cl)cc13,GDLIGKIOYRNHDA-UHFFFAOYSA-N
274,Clotrimazole,Clc1ccccc1C(c2ccccc2)(c3ccccc3)n4ccnc4,VNFPBHJOKIVQEB-UHFFFAOYSA-N
275,CMPD-1,O=C(CCCc1ccc(cc1)c2ccccc2F)Nc3ccc(O)cc3,ODYAQBDIXCVKAE-UHFFFAOYSA-N
283,Corynanthine hydrochloride,COC(=O)[C@@H]1[C@@H](O)CC[C@H]2CN3CCc4c5ccccc5[nH]c4[C@@H]3C[C@H]12 {A4=S;A5=S;A9=R;A23=S;A25=S},BLGXFZZNTVWLAY-DKJBZYCGSA-N
286,CP 690550 citrate,C[C@@H]1CCN(C[C@@H]1N(C)c2ncnc3[nH]ccc23)C(=O)CC#N {A1=R;A6=R},UJLAWZDWDVHWOW-YPMHNXCESA-N
289,Crizotinib,C[C@@H](Oc1cc(cnc1N)c2cnn(c2)C3CCNCC3)c4c(Cl)ccc(F)c4Cl {A1=R},KTEIFNKAUNYNJU-GFCCVEGCSA-N
292,cyclopentolate,CN(C)CCOC(=O)C(c1ccccc1)C2(O)CCCC2,SKYSRIRYMSLOIN-UHFFFAOYSA-N
295,cytarabine,NC1=NC(=O)N(C=C1)[C@@H]2O[C@H](CO)[C@@H](O)[C@@H]2O {A8=R;A10=R;A13=S;A15=S},UHDGCWIWMRVCDJ-CCXZUQQUSA-N
301,D-64131,COc1ccc2[nH]c(cc2c1)C(=O)c3ccccc3,ICMIJSRDISNKOC-UHFFFAOYSA-N
302,dabrafenib,CC(C)(C)c1nc(c(s1)c2ccnc(N)n2)c3cccc(NS(=O)(=O)c4c(F)cccc4F)c3F,BFSMGDJOXZAERB-UHFFFAOYSA-N
305,Daminozide,CN(C)NC(=O)CCC(=O)O,NOQGZXFMHARMLW-UHFFFAOYSA-N
307,danazol,C#C[C@]1(O)CC[C@H]2[C@@H]3CCC4=Cc5oncc5C[C@]4(C)[C@H]3CC[C@]12C {A2=R;A6=S;A7=R;A18=R;A20=S;A23=S},POZRVZJJTULAOH-LHZXLZLDSA-N
309,dasatinib,Cc1cccc(Cl)c1NC(=O)c2cnc(Nc3cc(nc(C)n3)N4CCN(CCO)CC4)s2,ZBNZXTGUTAYRHI-UHFFFAOYSA-N
314,desipramine,CNCCCN1c2ccccc2CCc3ccccc13,HCYAFALTSJYZDH-UHFFFAOYSA-N
316,Desoxypeganine Hydrochloride,c1ccc2N=C3CCCN3Cc2c1,WUFQLZTXIWKION-UHFFFAOYSA-N
318,dextromethorphan,COc1ccc2C[C@H]3[C@H]4CCCC[C@@]4(CCN3C)c2c1 {A7=S;A8=S;A13=S},MKXZASYAUGDDCJ-NJAFHUGGSA-N
319,diazepam,CN1C(=O)CN=C(c2ccccc2)c3cc(Cl)ccc13,AAOVKJBEBIDNHE-UHFFFAOYSA-N
320,diazoxide,CC1=Nc2ccc(Cl)cc2S(=O)(=O)N1,GDLBFKVLRPITMI-UHFFFAOYSA-N
321,"Dibutyryl-cAMP, sodium salt",CCCC(=O)Nc1ncnc2c1ncn2[C@@H]3O[C@@H]4COP(=O)(O)O[C@H]4[C@H]3OC(=O)CCC {A15=R;A17=R;A24=R;A25=R},CJGYSWNGNKCJSB-YVLZZHOMSA-N
322,diclofenamide,NS(=O)(=O)c1cc(Cl)c(Cl)c(c1)S(N)(=O)=O,GJQPMPFPNINLKP-UHFFFAOYSA-N
323,Didanosine,O=C1NC=Nc2c1ncn2[C@H]3CC[C@@H](CO)O3 {A10=R;A13=S},BXZVVICBKDXVGW-NKWVEPMBSA-N
324,dienestrol,C/C=C(/C(=C/C)c1ccc(O)cc1)c2ccc(O)cc2,NFDFQCUYFHCNBW-SCGPFSFSSA-N
328,Digoxigenin,C[C@@]12[C@H](CC[C@]1(O)[C@@H]3CC[C@@H]4C[C@@H](O)CC[C@]4(C)[C@H]3C[C@H]2O)C5=CC(=O)OC5 {A1=S;A2=R;A5=S;A7=R;A10=R;A12=S;A16=S;A18=S;A20=R},SHIBSTMRCDJXLN-KCZCNTNESA-N
329,Dihydroergocristine mesylate,CC(C)[C@@]1(NC(=O)[C@@H]2C[C@@H]3c4cccc5[nH]cc(C[C@H]3N(C)C2)c45)O[C@@]6(O)[C@@H]7CCCN7C(=O)[C@H](Cc8ccccc8)N6C1=O {A3=R;A7=R;A9=R;A19=R;A25=S;A27=S;A34=S},DEQITUUQPICUMR-HJPBWRTMSA-N
332,diltiazem,COc1ccc(cc1)[C@@H]2Sc3ccccc3N(CCN(C)C)C(=O)[C@@H]2OC(C)=O {A8=S;A24=S},HSUGRBWQSSZJOP-RTWAWAEBSA-N
335,diphemanil,C[N+]1(C)CCC(CC1)=C(c2ccccc2)c3ccccc3,LCTZPQRFOZKZNK-UHFFFAOYSA-N
336,diphenhydramine,CN(C)CCOC(c1ccccc1)c2ccccc2,ZZVUWRFHKOJYTH-UHFFFAOYSA-N
337,dipivefrine,CNCC(O)c1ccc(OC(=O)C(C)(C)C)c(c1)OC(=O)C(C)(C)C {A3=q},OCUJLLGVOUDECM-UHFFFAOYSA-N
338,disopyramide,CC(C)N(CCC(C(N)=O)(c1ccccc1)c2ccccn2)C(C)C,UVTNFZQICZKOEM-UHFFFAOYSA-N
343,Dobutamine hydrochloride,CC(CCc1ccc(O)cc1)NCCc2ccc(O)c(O)c2 {A1=q},JRWZLRBJNMZMFE-UHFFFAOYSA-N
345,dofetilide,CN(CCOc1ccc(cc1)NS(C)(=O)=O)CCc2ccc(cc2)NS(C)(=O)=O,IXTMWRCNAAVVAI-UHFFFAOYSA-N
346,donepezil,COc1cc2CC(CC3CCN(Cc4ccccc4)CC3)C(=O)c2cc1OC {A6=q},ADEBPBSSDYVVLD-UHFFFAOYSA-N
347,dopamine,NCCc1ccc(O)c(O)c1,VYFYYTLLBUKUHU-UHFFFAOYSA-N
349,doxazosin,COc1cc2nc(nc(N)c2cc1OC)N3CCN(CC3)C(=O)C4COc5ccccc5O4,RUZYUOTYCVRMRZ-UHFFFAOYSA-N
350,DR 2313,CC1=NC(=O)C2=C(CCSC2)N1,HRYKZAKEAVZGJD-UHFFFAOYSA-N
352,duloxetine,CNCC[C@H](Oc1cccc2ccccc12)c3cccs3 {A4=S},ZEUITGRIYCTCEM-KRWDZBQOSA-N
353,dydrogesterone,CC(=O)[C@H]1CC[C@H]2[C@@H]3C=CC4=CC(=O)CC[C@@]4(C)[C@@H]3CC[C@]12C {A3=S;A6=S;A7=S;A16=S;A18=R;A21=S},JGMOKGBVKVMRFX-HQZYFCCVSA-N
354,E-4031,Cc1cccc(CCN2CCC(CC2)C(=O)c3ccc(cc3)NS(C)(=O)=O)n1,SRUISGSHWFJION-UHFFFAOYSA-N
356,Eburnamonine (-),CC[C@]12CCCN3CCc4c5ccccc5n(C(=O)C1)c4[C@H]23 {A2=S;A21=S},WYJAPUKIYAZSEM-MOPGFXCFSA-N
358,edrophonium,CC[N+](C)(C)c1cccc(O)c1,VWLHWLSRQJQWRG-UHFFFAOYSA-O
361,emetine,CC[C@H]1CN2CCc3cc(OC)c(cc3[C@@H]2C[C@@H]1C[C@H]4NCCc5cc(OC)c(cc45)OC)OC {A2=R;A15=S;A17=S;A19=R},AUVVAXYIELKVAI-CKBKHPSWSA-N
362,enalapril,CCOC(=O)[C@H](CCc1ccccc1)N[C@@H](C)C(=O)N2CCC[C@H]2C(=O)O {A5=S;A15=S;A23=S},GBXSMTUPTTWBMN-XIRDDKMYSA-N
363,enalaprilat,C[C@H](N[C@@H](CCc1ccccc1)C(=O)O)C(=O)N2CCC[C@H]2C(=O)O {A1=S;A3=S;A21=S},LZFZMUMEGBBDTC-QEJZJMRPSA-N
372,erlotinib,C#Cc1cccc(c1)Nc2ncnc3cc(OCCOC)c(cc23)OCCOC,AAKJLRGGTJKAMG-UHFFFAOYSA-N
373,Erythromycin,CC[C@H]1OC(=O)[C@H](C)[C@@H](O[C@H]2C[C@@](C)(OC)[C@@H](O)[C@H](C)O2)[C@H](C)[C@@H](O[C@@H]3O[C@H](C)C[C@@H]([C@H]3O)N(C)C)[C@](C)(O)C[C@@H](C)C(=O)[C@H](C)[C@@H](O)[C@]1(C)O {A2=R;A6=R;A8=S;A10=R;A12=R;A16=S;A18=S;A21=S;A23=R;A25=S;A27=R;A30=S;A31=R;A36=R;A40=R;A44=R;A46=R;A48=S},ULGZDMOVFRHVEP-RWJQBGPGSA-N
374,escitalopram,CN(C)CCC[C@]1(OCc2cc(C#N)ccc12)c3ccc(F)cc3 {A6=S},WSEQXVZVJXJVFP-FQEVSTJZSA-N
375,"Eserine sulfate, physostigmine sulfate",CNC(=O)Oc1ccc2c(c1)[C@]3(C)CCN(C)[C@@H]3N2C {A11=S;A17=R},PIJVFDBKTWXHHD-HIFRSBDPSA-N
377,estradiol,C[C@]12CC[C@@H]3c4ccc(O)cc4CC[C@H]3[C@@H]1CC[C@@H]2O {A1=S;A4=S;A14=R;A15=S;A18=S},VOXZDWNPVJITMN-ZBRFXRBCSA-N
379,estradiol valerate,CCCCC(=O)O[C@H]1CC[C@H]2[C@@H]3CCc4cc(O)ccc4[C@H]3CC[C@]12C {A7=S;A10=S;A11=R;A21=S;A24=S},RSEPBGGWRJCQGY-RBRWEJTLSA-N
380,estrone,C[C@]12CC[C@@H]3c4ccc(O)cc4CC[C@H]3[C@@H]1CCC2=O {A1=S;A4=S;A14=R;A15=S},DNXHEGUUPJUMQT-CBZIJGRNSA-N
381,estrone sulfuric acid,C[C@]12CC[C@@H]3c4ccc(cc4CC[C@H]3[C@@H]1CCC2=O)OS(=O)(=O)O {A1=S;A4=S;A13=R;A14=S},JKKFKPJIXZFSSB-CBZIJGRNSA-N
382,ethotoin,CCN1C(=O)NC(C1=O)c2ccccc2,SZQIFWWUIBRPBZ-UHFFFAOYSA-N
385,etodolac,CCc1cccc2c3CCOC(CC)(CC(=O)O)c3[nH]c12 {A11=q},NNYBQONXHNTVIJ-UHFFFAOYSA-N
389,famotidine,N=C(N)Nc1nc(cs1)CSCCC(=N)NS(N)(=O)=O,XUFQPHANEAPEMJ-UHFFFAOYSA-N
390,fasudil,O=S(=O)(c1cccc2cnccc12)N3CCCNCC3,NGOGFTYYXHNFQH-UHFFFAOYSA-N
391,FCCP,N#CC(C#N)=NNc1ccc(cc1)OC(F)(F)F,BMZRVOVNUMQTIN-UHFFFAOYSA-N
392,felbamate,NC(=O)OCC(COC(N)=O)c1ccccc1,WKGXYQFOCVYPAC-UHFFFAOYSA-N
393,Fenofibrate,CC(C)OC(=O)C(C)(C)Oc1ccc(cc1)C(=O)c2ccc(Cl)cc2,YMTINGFKWWXKFG-UHFFFAOYSA-N
396,fexofenadine,CC(C)(C(=O)O)c1ccc(cc1)C(O)CCCN2CCC(CC2)C(O)(c3ccccc3)c4ccccc4 {A12=q},RWTNPBWLLIMQHL-UHFFFAOYSA-N
398,Fillalbin,COc1cc(ccc1O)C(=O)O[C@@H]2C[C@@H]3CC[C@H](C2)N3C {A14=S;A17=R},OZKTVDIYALBSMA-ITGUQSILSA-N
401,Flavopiridol hydrochloride,CN1CC[C@H](c2c(O)cc(O)c3C(=O)C=C(Oc23)c4ccccc4Cl)[C@H](O)C1 {A4=R;A25=S},BIIVYFLTOXDAOV-YVEFUNNKSA-N
402,flavoxate,CC1=C(Oc2c(cccc2C1=O)C(=O)OCCN3CCCCC3)c4ccccc4,SPIUTQOUKAMGCX-UHFFFAOYSA-N
403,flecainide,O=C(NCC1CCCCN1)c2cc(ccc2OCC(F)(F)F)OCC(F)(F)F {A4=q},DJBNUMBKLMJRSA-UHFFFAOYSA-N
405,fluocinolone acetonide,CC1(C)O[C@@H]2C[C@H]3[C@@H]4C[C@H](F)C5=CC(=O)C=C[C@]5(C)[C@@]4(F)[C@@H](O)C[C@]3(C)[C@@]2(O1)C(=O)CO {A4=R;A6=S;A7=S;A9=S;A17=S;A19=R;A21=S;A24=S;A26=S},FEBLZLNTKCEFIT-VSXGLTOVSA-N
408,fluoxetine,CNCCC(Oc1ccc(cc1)C(F)(F)F)c2ccccc2 {A4=q},RTHCYVBBDHJXIQ-UHFFFAOYSA-N
412,flutamide,CC(C)C(=O)Nc1ccc(c(c1)C(F)(F)F)[N+](=O)[O-],MKXKFYHWDHIYRV-UHFFFAOYSA-N
413,fluvastatin,CC(C)n1c(/C=C/[C@@H](O)C[C@@H](O)CC(=O)O)c(c2ccccc12)c3ccc(F)cc3 {A7=q;A10=q},FJLGEFLZQAZZCD-MCBHFWOFSA-N
415,fluvoxamine,COCCCCC(=N/OCCN)/c1ccc(cc1)C(F)(F)F,CJOFXWAVKWHTFT-ZHZULCJRSA-N
416,formoterol,COc1ccc(cc1)C[C@H](C)NC[C@@H](O)c2ccc(O)c(c2)NC=O {A9=q;A13=q},BPZSYCZIITTYBL-ORAYPTAESA-N
421,galantamine,COc1ccc2CN(C)CC[C@@]34C=C[C@H](O)C[C@@H]3Oc1c24 {A11=S;A14=R;A17=S},ASUTZQLVASHGKV-JDFRZJQESA-N
424,GDC-0980,Cc1c(CN2CCN(CC2)C(=O)[C@H](C)O)sc3c1nc(nc3N4CCOCC4)c5cnc(N)nc5 {A12=S},YOVVNQKCSKSHKT-HNNXBMFYSA-N
428,Genistein,O=C1C(=COc2cc(O)cc(O)c12)c3ccc(O)cc3,TZBJGXHYKVUXJN-UHFFFAOYSA-N
430,Genoscopolamine HBr,C[N+]1([O-])[C@H]2C[C@@H](C[C@@H]1[C@H]3O[C@@H]23)OC(=O)[C@H](CO)c4ccccc4 {A3=S;A7=R;A8=R;A10=S;A14=S},GSYQNAMOFFWAPF-PPOBMCMBSA-N
435,glipizide,Cc1cnc(cn1)C(=O)NCCc2ccc(cc2)S(=O)(=O)NC(=O)NC3CCCCC3,ZJJXGWJIGJFDTL-UHFFFAOYSA-N
436,glyburide,COc1ccc(Cl)cc1C(=O)NCCc2ccc(cc2)S(=O)(=O)NC(=O)NC3CCCCC3,ZNNLBTZKUZBEKO-UHFFFAOYSA-N
441,GNF 2,NC(=O)c1cccc(c1)c2cc(ncn2)Nc3ccc(cc3)OC(F)(F)F,WEVYNIUIFUYDGI-UHFFFAOYSA-N
442,gossypol,Cc1cc2c(c(O)c1c3c(C)cc4c(c3O)c(C=O)c(O)c(O)c4C(C)C)c(C=O)c(O)c(O)c2C(C)C,QBKSWRVVCFFDOT-UHFFFAOYSA-N
444,GSK 2334470,CNc1nc(cc(n1)N2C[C@H](CC[C@H]2C)C(=O)NC3CCCCC3)c4ccc5c(N)n[nH]c5c4 {A10=S;A13=R},QLPHOXTXAKOFMU-WBVHZDCISA-N
446,GSK 429286,CC1=C(C(=O)Nc2cc3cn[nH]c3cc2F)C(CC(=O)N1)c4ccc(cc4)C(F)(F)F,OLIIUAHHAZEXEX-UHFFFAOYSA-N
448,GSK J4,CCOC(=O)CCNc1cc(nc(n1)c2ccccn2)N3CCc4ccccc4CC3,WBKCKEHGXNWYMO-UHFFFAOYSA-N
451,GSK-0660,COC(=O)c1sccc1S(=O)(=O)Nc2ccc(cc2OC)Nc3ccccc3,NDFKBGWLUHKMFY-UHFFFAOYSA-N
453,GSK461364,C[C@@H](Oc1cc(sc1C(N)=O)n2cnc3ccc(cc23)CN4CCN(C)CC4)c5ccccc5C(F)(F)F {A1=R},ZHJGWYRLJUCMRT-QGZVFWFLSA-N
454,guanabenz,"N=C(N)NN=Cc1c(Cl)cccc1Cl {B4,5=x}",WDZVGELJXXEGPV-UHFFFAOYSA-N
455,guanfacine,N=C(N)NC(=O)Cc1c(Cl)cccc1Cl,INJOMKTZOLKMBF-UHFFFAOYSA-N
457,GW 3965 hydrochloride,O=C(O)Cc1cccc(c1)OCCCN(Cc2cccc(c2Cl)C(F)(F)F)CC(c3ccccc3)c4ccccc4,NAXSRXHZFIBFMI-UHFFFAOYSA-N
458,GW 7647,CC(C)(Sc1ccc(cc1)CCN(CCCCC2CCCCC2)C(=O)NC3CCCCC3)C(=O)O,PKNYXWMTHFMHKD-UHFFFAOYSA-N
459,GW 9662,O=C(Nc1ccccc1)c2cc(ccc2Cl)[N+](=O)[O-],DNTSIBUQMRRYIU-UHFFFAOYSA-N
460,H-7 dihydrochloride,CC1CNCCN1S(=O)(=O)c2cccc3cnccc23,BDVFVCGFMNCYPV-UHFFFAOYSA-N
461,HA 1100 hydrochloride,O=S(=O)(c1cccc2c(O)nccc12)N3CCCNCC3,ZAVGJDAFCZAWSZ-UHFFFAOYSA-N
463,haloperidol,O=C(CCCN1CCC(O)(CC1)c2ccc(Cl)cc2)c3ccc(F)cc3,LNEPOXFFQSENCJ-UHFFFAOYSA-N
464,Harpagoside,C[C@@]1(C[C@@H](O)[C@]2(O)C=CO[C@@H](O[C@@H]3O[C@H](CO)[C@@H](O)[C@H](O)[C@H]3O)[C@H]12)OC(=O)/C=C/c4ccccc4 {A1=S;A3=R;A5=S;A10=S;A12=S;A14=R;A17=S;A19=S;A21=R;A23=S},KVRQGMOSZKPBNS-FMHLWDFHSA-N
470,Hesperidin,COc1ccc(cc1O)[C@@H]2CC(=O)c3c(O)cc(cc3O2)O[C@@H]4O[C@H](CO[C@@H]5O[C@@H](C)[C@H](O)[C@@H](O)[C@H]5O)[C@@H](O)[C@H](O)[C@H]4O {A9=S;A22=S;A24=R;A27=R;A29=S;A31=R;A33=R;A35=R;A37=S;A39=S;A41=R},QUQPHWDTPGMPEX-QJBIFVCTSA-N
473,Hippeastrine hydrobromide,CN1CCC2=C[C@H](O)[C@H]3OC(=O)c4cc5OCOc5cc4[C@H]3[C@H]12 {A6=S;A8=S;A21=S;A22=S},DGQPIOQRPAGNGB-DANNLKNASA-N
474,HLI 373,CN(C)CCCNC1=C2C(=O)N(C)C(=O)N=C2N(C)c3ccccc13,LNRUPMPQQGPSQT-UHFFFAOYSA-N
475,HMN-214,COc1ccc(cc1)S(=O)(=O)N(C(C)=O)c2ccccc2/C=C/c3cc[n+]([O-])cc3,OCKHRKSTDPOHEN-BQYQJAHWSA-N
477,Homatropine HBr,CN1[C@H]2CC[C@@H]1C[C@@H](C2)OC(=O)C(O)c3ccccc3 {A2=S;A5=R},ZTVIKZXZYLEVOL-MCOXGKPRSA-N
478,Honokiol,C=CCc1ccc(O)c(c1)c2ccc(O)c(c2)CC=C,FVYXIJYOAGAUQK-UHFFFAOYSA-N
479,Huperzine A,C/C=C/1[C@H]2C=C(C)C[C@]/1(N)C3=C(C2)NC(=O)C=C3 {A3=R;A8=R},ZRJBHWIHUMBLCN-SEQYCRGISA-N
482,Hydrastine,COc1ccc2c(C(=O)O[C@@H]2[C@H]3c4cc5OCOc5cc4CCN3C)c1OC {A10=S;A11=R},JZUTXVTYJDCMDU-MOPGFXCFSA-N
489,Hyoscyamine (L),CN1[C@H]2CC[C@@H]1C[C@@H](C2)OC(=O)[C@H](CO)c3ccccc3 {A2=S;A5=R;A12=S},RKUNBYITZUJHSG-FXUDXRNXSA-N
491,I-BET 151 dihydrochloride,COc1cc2c3c(cnc2cc1c4c(C)noc4C)NC(=O)N3[C@H](C)c5ccccn5 {A23=R},VUVUVNZRUGEAHB-CYBMUJFWSA-N
493,Ibudilast,CC(C)C(=O)c1c2ccccn2nc1C(C)C,ZJVFLBOZORBYFE-UHFFFAOYSA-N
494,ibuprofen,CC(C)Cc1ccc(cc1)C(C)C(=O)O {A10=q},HEFNNWSXXWATRW-UHFFFAOYSA-N
497,ICI 89406,N#Cc1ccccc1OCC(O)CNCCNC(=O)Nc2ccccc2,HTLWRKRZKFAAAH-UHFFFAOYSA-N
498,idelalisib,CC[C@H](Nc1ncnc2[nH]cnc12)C3=Nc4cccc(F)c4C(=O)N3c5ccccc5 {A2=S},IFSDAJWBUCMOAH-HNNXBMFYSA-N
500,iloperidone,COc1cc(ccc1OCCCN2CCC(CC2)c3noc4cc(F)ccc34)C(C)=O,XMXHEBAFVSFQEX-UHFFFAOYSA-N
501,Imatinib mesylate,Cc1ccc(cc1Nc2nccc(n2)c3cccnc3)NC(=O)c4ccc(cc4)CN5CCN(C)CC5,KTUFNOKKBVMGRW-UHFFFAOYSA-N
503,indapamide,CC1Cc2ccccc2N1NC(=O)c3ccc(Cl)c(c3)S(N)(=O)=O,NDDAHWYSQHTHNT-UHFFFAOYSA-N
506,indinavir,CC(C)(C)NC(=O)[C@@H]1CN(Cc2cccnc2)CCN1C[C@@H](O)C[C@@H](Cc3ccccc3)C(=O)N[C@H]4c5ccccc5C[C@H]4O {A7=S;A21=S;A24=R;A35=S;A43=R},CBVCZFGXHXORBI-PXQQMZJSSA-N
507,indomethacin,COc1ccc2c(c1)c(CC(=O)O)c(C)n2C(=O)c3ccc(Cl)cc3,CGIGDMFJXJATDK-UHFFFAOYSA-N
510,IOX 1,O=C(O)c1ccc(O)c2ncccc12,JGRPKOGHYBAVMW-UHFFFAOYSA-N
513,irbesartan,CCCCC1=NC2(CCCC2)C(=O)N1Cc3ccc(cc3)c4ccccc4c5nnn[nH]5,YOSHYTLCDANDAN-UHFFFAOYSA-N
515,isocarboxazid,Cc1cc(no1)C(=O)NNCc2ccccc2,XKFPYPQQHFEXRZ-UHFFFAOYSA-N
519,Isoliquiritigenin,O=C(/C=C/c1ccc(O)cc1)c2ccc(O)cc2O,DXDRHHKMWQZJHT-FPYGCLRLSA-N
522,isotretinoin,CC(=C/C(=O)O)\C=C\C=C(C)\C=C\C1=C(C)CCCC1(C)C,SHGAZHPCJJPHSC-YCNIQYBTSA-N
525,Ispinesib,Cc1ccc(cc1)C(=O)N(CCCN)[C@@H](C2=Nc3cc(Cl)ccc3C(=O)N2Cc4ccccc4)C(C)C {A14=R},QJZRFPJCWMNVAV-HHHXNRCGSA-N
526,isradipine,COC(=O)C1=C(C)NC(C)=C(C(=O)OC(C)C)C1c2cccc3nonc23,HMJIYCCIJYRONP-UHFFFAOYSA-N
531,JW 55,COc1ccc(cc1)C2(CNC(=O)c3ccc(cc3)NC(=O)c4ccco4)CCOCC2,ZJZWZIXSGNFWQQ-UHFFFAOYSA-N
533,K 858,CC(=O)NC1=NN(C(C)=O)C(C)(S1)c2ccccc2,JEFVYQYZCAVNTP-UHFFFAOYSA-N
536,Kawain,COC1=CC(=O)O[C@@H](/C=C/c2ccccc2)C1 {A7=R},XEAQIWGXBXCYFX-GUOLPTJISA-N
539,Kenpaullone,O=C1Cc2c3cc(Br)ccc3[nH]c2c4ccccc4N1,QQUXFYAWXPMDOE-UHFFFAOYSA-N
540,Ketoconazole,CC(=O)N1CCN(CC1)c2ccc(cc2)OC[C@H]3CO[C@@](Cn4ccnc4)(O3)c5ccc(Cl)cc5Cl {A17=S;A20=R},XMAYWYJOQHXEEK-OZXSUGGESA-N
541,ketoprofen,CC(C(=O)O)c1cccc(c1)C(=O)c2ccccc2,DKYWVDODHFEZIM-UHFFFAOYSA-N
542,ketorolac,O=C(O)C1CCn2c(ccc12)C(=O)c3ccccc3,OZWKMVRBQXNZKK-UHFFFAOYSA-N
543,ketotifen,CN1CCC(CC1)=C2c3ccsc3C(=O)Cc4ccccc24,ZCVMWBYGMWKGHF-UHFFFAOYSA-N
545,Kinetin riboside,OC[C@H]1O[C@H]([C@H](O)[C@@H]1O)n2cnc3c2ncnc3NCc4ccco4 {A2=R;A4=R;A5=R;A7=S},CAGLGYNQQSIUGX-SDBHATRESA-N
546,KN 93,COc1ccc(cc1)S(=O)(=O)N(CCO)c2ccccc2CN(C)C/C=C/c3ccc(Cl)cc3,LLLQTDSSHZREGW-AATRIKPKSA-N
552,"L-690,330",CC(Oc1ccc(O)cc1)(P(=O)(O)O)P(=O)(O)O,JKOCAAWWDVHWKB-UHFFFAOYSA-N
554,lamotrigine,Nc1nnc(c(N)n1)c2cccc(Cl)c2Cl,PYZRQGJRPPTADH-UHFFFAOYSA-N
555,lansoprazole,Cc1c(ccnc1CS(=O)c2nc3ccccc3[nH]2)OCC(F)(F)F,MJIHNNLFOKEZEW-UHFFFAOYSA-N
557,Letrozole,N#Cc1ccc(cc1)C(c2ccc(C#N)cc2)n3cncn3,HPJKCIUCZWXJDR-UHFFFAOYSA-N
558,Leucomisine,CC1=CC(=O)C2=C(C)CC[C@H]3[C@H](C)C(=O)O[C@@H]3[C@@H]12 {A10=S;A11=S;A16=S;A17=S},BJPSSVHNEGMBDQ-NUZBWSBOSA-N
561,levocabastine,C[C@@H]1CN(CC[C@]1(C(=O)O)c2ccccc2)[C@H]3CC[C@@](C#N)(CC3)c4ccc(F)cc4 {A1=S;A6=R},ZCGOMHNNNFPNMX-KYTRFIICSA-N
565,lidocaine,CCN(CC)CC(=O)Nc1c(C)cccc1C,NNJVILVZKWQKPM-UHFFFAOYSA-N
567,linopirdine,O=C1N(c2ccccc2C1(Cc3ccncc3)Cc4ccncc4)c5ccccc5,YEJCDKJIEMIWRQ-UHFFFAOYSA-N
568,linsitinib,C[C@]1(O)C[C@H](C1)c2nc(c3c(N)nccn23)c4ccc5ccc(nc5c4)c6ccccc6,PKCDDUHJAFVJJB-VLZXCDOPSA-N
574,Lobelanidine hydrochloride,CN1C(CC(O)c2ccccc2)CCCC1CC(O)c3ccccc3,OWGJQNXIWMMDTH-UHFFFAOYSA-N
575,Lobeline alpha (-) hydrochoride,CN1[C@H](C[C@H](O)c2ccccc2)CCC[C@@H]1CC(=O)c3ccccc3 {A2=S;A4=S;A15=R},MXYUKLILVYORSK-HBMCJLEFSA-N
576,loperamide,CN(C)C(=O)C(CCN1CCC(O)(CC1)c2ccc(Cl)cc2)(c3ccccc3)c4ccccc4,RDOIQAHITMMDAJ-UHFFFAOYSA-N
577,lopinavir,Cc1cccc(C)c1OCC(=O)N[C@@H](Cc2ccccc2)[C@@H](O)C[C@H](Cc3ccccc3)NC(=O)[C@H](C(C)C)N4CCCNC4=O {A13=S;A21=S;A24=S;A35=S},KJHKTHWMRKYKJE-SUGCFTRWSA-N
578,loratadine,CCOC(=O)N1CCC(CC1)=C2c3ccc(Cl)cc3CCc4cccnc24,JCCNYMKQOSZNPW-UHFFFAOYSA-N
579,losartan,CCCCc1nc(Cl)c(CO)n1Cc2ccc(cc2)c3ccccc3c4nnn[nH]4,PSIFNNKUMBGKDQ-UHFFFAOYSA-N
581,LRRK2-IN-1,COc1cc(ccc1Nc2ncc3c(n2)N(C)c4ccccc4C(=O)N3C)C(=O)N5CCC(CC5)N6CCN(C)CC6,IWMCPJZTADUIFX-UHFFFAOYSA-N
582,LY 294002 hydrochloride,O=C1C=C(Oc2c1cccc2c3ccccc3)N4CCOCC4,CZQHHVNHHHRRDU-UHFFFAOYSA-N
583,LY 364947,c1[nH]nc(c1c2ccnc3ccccc23)c4ccccn4,IBCXZJCWDGCXQT-UHFFFAOYSA-N
584,LY2603618,Cc1cnc(cn1)NC(=O)Nc2cc(Br)c(C)cc2OC[C@@H]3CNCCO3 {A21=S},SYYBDNPGDKKJDU-ZDUSSCGKSA-N
586,Lysergol,CN1C[C@@H](C=C2c3cccc4[nH]cc(C[C@@H]12)c34)CO {A3=R;A15=R},BIXJFIJYBLJTMK-MEBBXXQBSA-N
588,Malonoben,CC(C)(C)c1cc(C=C(C#N)C#N)cc(c1O)C(C)(C)C,MZOPWQKISXCCTP-UHFFFAOYSA-N
589,maprotiline,CNCCCC12CCC(c3ccccc13)c4ccccc24,QSLMDECMDJKHMQ-UHFFFAOYSA-N
590,masitinib,Cc1ccc(cc1Nc2nc(cs2)c3cccnc3)NC(=O)c4ccc(cc4)CN5CCN(C)CC5,WJEOLQLKVOPQFV-UHFFFAOYSA-N
595,Meclizine dihydrochloride,Cc1cccc(c1)CN2CCN(CC2)C(c3ccccc3)c4ccc(Cl)cc4,OCJYIGYOJCODJL-UHFFFAOYSA-N
596,meclofenamic-acid,Cc1ccc(Cl)c(Nc2ccccc2C(=O)O)c1Cl,SBDNJUWAMKYJOX-UHFFFAOYSA-N
598,mefenamic-acid,Cc1cccc(Nc2ccccc2C(=O)O)c1C,HYYBABOKPJLUIN-UHFFFAOYSA-N
602,mephentermine,CNC(C)(C)Cc1ccccc1,RXQCGGRTAILOIN-UHFFFAOYSA-N
603,mepyramine,COc1ccc(cc1)CN(CCN(C)C)c2ccccn2,YECBIJXISLIIDS-UHFFFAOYSA-N
604,mercaptopurine,S=C1NC=Nc2nc[nH]c12,GLVAUDGFNGKCSF-UHFFFAOYSA-N
605,mesalazine,Nc1ccc(O)c(c1)C(=O)O,KBOPZPXVLCULAV-UHFFFAOYSA-N
606,mestranol,C#C[C@]1(O)CC[C@H]2[C@@H]3CCc4cc(ccc4[C@H]3CC[C@]12C)OC {A2=R;A6=S;A7=R;A16=S;A19=S},IMSSROKUHAOUJS-MJCUULBUSA-N
607,Metanephrine hydrochloride DL,CNCC(O)c1ccc(O)c(c1)OC,JWJCTZKFYGDABJ-UHFFFAOYSA-N
608,Metformin hydrochloride,CN(C)C(=N)NC(=N)N,XZWYZXLIPXDOLR-UHFFFAOYSA-N
611,methantheline,CC[N+](C)(CC)CCOC(=O)C1c2ccccc2Oc3ccccc13,GZHFODJQISUKAY-UHFFFAOYSA-N
615,methocarbamol,COc1ccccc1OCC(O)COC(N)=O,GNXFOGHNGIVQEH-UHFFFAOYSA-N
618,methoxsalen,COc1c2occc2cc3C=CC(=O)Oc13,QXKHYNVANLEOEG-UHFFFAOYSA-N
622,methysergide,CC[C@@H](CO)NC(=O)[C@@H]1C=C2c3cccc4c3c(cn4C)C[C@H]2N(C)C1 {A2=S;A8=R;A22=R},KPJZHOPZRAFDTN-ZRGWGRIASA-N
623,metoclopramide,CCN(CC)CCNC(=O)c1cc(Cl)c(N)cc1OC,TTWJBBZEZQICBI-UHFFFAOYSA-N
624,metoprolol,COCCc1ccc(cc1)OCC(O)CNC(C)C,IUBSYMUCCVWXPE-UHFFFAOYSA-N
625,metyrapone,CC(C)(C(=O)c1cccnc1)c2cccnc2,FJLBFSROUSIWMA-UHFFFAOYSA-N
626,mexiletine,Cc1cccc(C)c1OCC(C)N,VLPIATFUUWWMKC-UHFFFAOYSA-N
628,MI 2 dihydrochloride,CCCc1cc2c(ncnc2N3CCN(CC3)C4=NCC(C)(C)S4)s1,SRQYLNYQAPCPIR-UHFFFAOYSA-N
629,mibefradil,COCC(=O)O[C@]1(CCN(C)CCCc2nc3ccccc3[nH]2)CCc4cc(F)ccc4[C@@H]1C(C)C {A6=S;A32=S},HBNPJJILLOYFJU-VMPREFPWSA-N
630,midodrine,COc1ccc(OC)c(c1)C(O)CNC(=O)CN,PTKSEFOSCHHMPD-UHFFFAOYSA-N
631,Miglitol,OCCN1C[C@H](O)[C@@H](O)[C@H](O)[C@H]1CO {A5=S;A7=R;A9=R;A11=R},IBAQFPQHRJAVAV-ULAWRXDQSA-N
634,Milrinone,CC1=C(C=C(C#N)C(=O)N1)c2ccncc2,PZRHRDRVRGEVNW-UHFFFAOYSA-N
636,Mirtazapine,CN1CCN2c3ncccc3Cc4ccccc4C2C1,RONZAEMNMFQXRA-UHFFFAOYSA-N
638,mitoxantrone,O=C1c2c(O)ccc(O)c2C(=O)c3c(ccc(NCCNCCO)c13)NCCNCCO,KKZJGLLVHKMTCM-UHFFFAOYSA-N
639,MK-5108,O=C(O)[C@]1(Cc2cccc(n2)Nc3nccs3)CC[C@H](CC1)Oc4cccc(Cl)c4F,LCVIRAZGMYMNNT-VVONHTQRSA-N
643,ML 130,Cc1ccc(cc1)S(=O)(=O)n2c(N)nc3ccccc23,SRFABRWQVPCPRG-UHFFFAOYSA-N
645,ML 334,O=C(O)[C@H]1CCCC[C@H]1C(=O)N2CCc3ccccc3[C@H]2CN4C(=O)c5ccccc5C4=O {A3=S;A8=R;A20=S},LNENLABLFGGAFF-BHIFYINESA-N
647,MLN-8054,O=C(O)c1ccc(cc1)Nc2ncc3CN=C(c4cc(Cl)ccc4c3n2)c5c(F)cccc5F,HHFBDROWDBDFBR-UHFFFAOYSA-N
649,MMPX,COCc1nc2c([nH]1)C(=O)N(C)C(=O)N2CC(C)C,NBLBCGUCPBXKOV-UHFFFAOYSA-N
651,modafinil,NC(=O)CS(=O)C(c1ccccc1)c2ccccc2 {A4=q},YFGHCGITMMYXAQ-UHFFFAOYSA-N
652,molindone,CCc1c(C)[nH]c2CCC(CN3CCOCC3)C(=O)c12,KLPWJLBORRMFGK-UHFFFAOYSA-N
653,mometasone furoate,C[C@@H]1C[C@H]2[C@@H]3CCC4=CC(=O)C=C[C@]4(C)[C@@]3(Cl)[C@@H](O)C[C@]2(C)[C@@]1(OC(=O)c5ccco5)C(=O)CCl {A1=R;A3=S;A4=S;A13=S;A15=R;A17=S;A20=S;A22=R},WOFMFGQZHJDGCX-ZULDAHANSA-N
656,moracizine,CCOC(=O)Nc1ccc2Sc3ccccc3N(C(=O)CCN4CCOCC4)c2c1,FUBVWMNBEHXPSU-UHFFFAOYSA-N
663,MY-5445,Clc1cccc(c1)Nc2nnc(c3ccccc3)c4ccccc24,CEHQLKSLMFIHBF-UHFFFAOYSA-N
666,nabumetone,COc1ccc2cc(ccc2c1)CCC(C)=O,BLXXJMDCKKHMKV-UHFFFAOYSA-N
667,nalbuphine,Oc1ccc2C[C@H]3N(CC4CCC4)CC[C@]56c2c1O[C@H]5[C@@H](O)CC[C@@]36O {A6=R;A15=S;A19=R;A20=S;A24=S},NETZHAKZCGBWSS-CEDHKZHLSA-N
672,Naringenine,O=C1CC(Oc2cc(O)cc(O)c12)c3ccc(O)cc3,FTVWIRXFELQLPI-UHFFFAOYSA-N
673,Naringin hydrate,C[C@@H]1O[C@@H](O[C@@H]2[C@@H](O)[C@H](O)[C@@H](CO)O[C@H]2Oc3cc(O)c4C(=O)C[C@H](Oc4c3)c5ccc(O)cc5)[C@H](O)[C@H](O)[C@H]1O {A1=S;A3=S;A5=R;A6=S;A8=S;A10=R;A14=S;A24=S;A35=R;A37=R;A39=R},DFPMSGMNTNDNHN-ZPHOTFPESA-N
674,nateglinide,CC(C)[C@H]1CC[C@@H](CC1)C(=O)N[C@H](Cc2ccccc2)C(=O)O {A12=R},OELFLUMRDSZNSF-BRWVUGGUSA-N
675,navitoclax,CC1(C)CCC(=C(CN2CCN(CC2)c3ccc(cc3)C(=O)NS(=O)(=O)c4ccc(N[C@H](CCN5CCOCC5)CSc6ccccc6)c(c4)S(=O)(=O)C(F)(F)F)C1)c7ccc(Cl)cc7 {A31=R},JLYAXFNOILIKPP-KXQOOQHDSA-N
676,NCH 51,CC(C)C(=O)SCCCCCCC(=O)Nc1nc(cs1)c2ccccc2,MDYDGUOQFUQOGE-UHFFFAOYSA-N
678,nefazodone,CCC1=NN(CCCN2CCN(CC2)c3cccc(Cl)c3)C(=O)N1CCOc4ccccc4,VRBKIVRKKCLPHA-UHFFFAOYSA-N
680,nelfinavir,Cc1c(O)cccc1C(=O)N[C@@H](CSc2ccccc2)[C@H](O)CN3C[C@H]4CCCC[C@H]4C[C@H]3C(=O)NC(C)(C)C {A11=R;A20=R;A25=S;A30=S;A32=S},QAGYKUNXZHXKMR-HKWSIXNMSA-N
684,nicardipine,COC(=O)C1=C(C)NC(C)=C(C(=O)OCCN(C)Cc2ccccc2)C1c3cccc(c3)[N+](=O)[O-],ZBBHBTPTTSWHBA-UHFFFAOYSA-N
685,Nicotinamide,NC(=O)c1cccnc1,DFPAKSUCGFBDDF-UHFFFAOYSA-N
686,nifedipine,COC(=O)C1=C(C)NC(C)=C(C(=O)OC)C1c2ccccc2[N+](=O)[O-],HYIMSNHJOBLJNT-UHFFFAOYSA-N
687,nimodipine,COCCOC(=O)C1=C(C)NC(C)=C(C(=O)OC(C)C)C1c2cccc(c2)[N+](=O)[O-],UIAGMCDKSXEBJQ-UHFFFAOYSA-N
688,nizatidine,CNC(=C/[N+](=O)[O-])/NCCSCc1csc(CN(C)C)n1,SGXXNSQHWDMGGP-WDZFZDKYSA-N
692,Nocodazole,COC(=O)Nc1nc2ccc(cc2[nH]1)C(=O)c3cccs3,KYRVNWMVYQXFEU-UHFFFAOYSA-N
703,NSC 693868,Nc1nnc2[nH]c3ccccc3nc12,DWHVZCLBMTZRQM-UHFFFAOYSA-N
705,nTZDpa,O=C(O)c1c(Sc2ccccc2)c3cc(Cl)ccc3n1Cc4ccc(Cl)cc4,VUPOTURDKDMIGQ-UHFFFAOYSA-N
706,NU 1025,CC1=Nc2c(O)cccc2C(=O)N1,YJDAOHJWLUNFLX-UHFFFAOYSA-N
708,NU 7026,O=C1C=C(Oc2c1ccc3ccccc23)N4CCOCC4,KKTZALUTXUZPSN-UHFFFAOYSA-N
709,NU 7441,O=C1C=C(Oc2c1cccc2c3cccc4c5ccccc5sc34)N6CCOCC6,JAMULYFATHSZJM-UHFFFAOYSA-N
711,NVP-AUY922,CCNC(=O)c1noc(c1c2ccc(cc2)CN3CCOCC3)c4cc(c(O)cc4O)C(C)C,NDAZATDQFDPQBD-UHFFFAOYSA-N
714,OBAA,CCCCCCCCCCCCCCCCCCc1ccc(cc1)C(=O)/C=C/C(=O)O,ZBESASFHIWDSCJ-WCWDXBQESA-N
717,Olanzapine,Cc1cc2C(=Nc3ccccc3Nc2s1)N4CCN(C)CC4,KVWDHTXUZHCGIO-UHFFFAOYSA-N
719,olmesartan-medoxomil,CCCc1nc(c(C(=O)OCC2=C(C)OC(=O)O2)n1Cc3ccc(cc3)c4ccccc4c5nnn[nH]5)C(C)(C)O,UQGKUQLKSCSZGY-UHFFFAOYSA-N
720,Olomoucine,Cn1cnc2c1nc(nc2NCc3ccccc3)NCCO,GTVPOLSIJWJJNY-UHFFFAOYSA-N
724,omeprazole,COc1ccc2[nH]c(nc2c1)S(=O)Cc3ncc(C)c(OC)c3C,SUBDBMMJDZJVOS-UHFFFAOYSA-N
725,orphenadrine,Cc1ccccc1C(OCCN(C)C)c2ccccc2,QVYRGXJJSLMXQH-UHFFFAOYSA-N
730,oxybuprocaine,CCCCOc1cc(ccc1N)C(=O)OCCN(CC)CC,CMHHMUWAYWTMGS-UHFFFAOYSA-N
738,pantoprazole,COc1ccnc(CS(=O)c2nc3cc(ccc3[nH]2)OC(F)F)c1OC,IQPSEEYGBUAQFF-UHFFFAOYSA-N
740,pargyline,C#CCN(C)Cc1ccccc1,DPWPWRLQFGFJFI-UHFFFAOYSA-N
741,paroxetine,Fc1ccc(cc1)[C@@H]2CCNC[C@H]2COc3ccc4OCOc4c3 {A7=R;A12=S},AHOUBRCZNHFOSL-YOEHRIQHSA-N
743,paxilline,CC(C)(O)[C@H]1O[C@H]2CC[C@]3(C)[C@@]4(C)c5[nH]c6ccccc6c5C[C@@H]4CC[C@@]3(O)C2=CC1=O {A4=R;A6=S;A9=R;A11=S;A23=S;A26=S},ACNHBCIZLNNLRS-UBGQALKQSA-N
744,pazopanib,Cc1c2ccc(cc2nn1C)N(C)c3ccnc(n3)Nc4ccc(C)c(c4)S(N)(=O)=O,CUIHSIWYWATEQL-UHFFFAOYSA-N
747,PCI 34051,COc1ccc(cc1)Cn2ccc3ccc(cc23)C(=O)NO,AJRGHIGYPXNABY-UHFFFAOYSA-N
748,PD 0325901,O=C(NOC[C@H](O)CO)c1ccc(F)c(F)c1Nc2ccc(I)cc2F {A5=R},SUDAHWBOROXANE-SECBINFHSA-N
749,PD 0332991 isethionate,CC(=O)C1=C(C)c2cnc(nc2N(C1=O)C3CCCC3)Nc4ccc(cn4)N5CCNCC5,AHJRHEGDXFFMBM-UHFFFAOYSA-N
751,PD 184352,O=C(NOCC1CC1)c2ccc(F)c(F)c2Nc3ccc(I)cc3Cl,GFMMXOIFOQCCGU-UHFFFAOYSA-N
752,PD 407824,O=C1NC(=O)c2c1c3c(cc2c4ccccc4)[nH]c5ccc(O)cc35,IAUZTOZLTFSMIE-UHFFFAOYSA-N
753,pentamidine,N=C(N)c1ccc(cc1)OCCCCCOc2ccc(cc2)C(=N)N,XDRYMKDFEDOLFX-UHFFFAOYSA-N
754,Pentoxifylline,CC(=O)CCCCN1C(=O)c2c(ncn2C)N(C)C1=O,BYPFEZZEUUWMEJ-UHFFFAOYSA-N
755,pergolide,CCCN1C[C@H](CSC)C[C@@H]2c3cccc4[nH]cc(C[C@@H]12)c34 {A5=R;A10=R;A20=R},YEHCICAEULNIGD-MZMPZRCHSA-N
756,perindopril,CCC[C@H](N[C@@H](C)C(=O)N1[C@@H](C[C@@H]2CCCC[C@H]12)C(=O)O)C(=O)OCC {A3=S;A5=S;A10=S;A12=S;A17=S},IPVQLZZIHOAWMC-QXKUPLGCSA-N
758,PF 04217903 mesylate,OCCn1cc(cn1)c2cnc3nnn(Cc4ccc5ncccc5c4)c3n2,PDMUGYOXRHVNMO-UHFFFAOYSA-N
764,PF 3845,O=C(Nc1cccnc1)N2CCC(Cc3cccc(c3)Oc4ccc(cn4)C(F)(F)F)CC2,NBOJHRYUGLRASX-UHFFFAOYSA-N
766,PF 477736,Cn1cc(cn1)c2[nH]c3cc(cc4C(=O)NN=Cc2c34)NC(=O)[C@H](N)C5CCCCC5 {A23=R},NDEXUOWTGYUVGA-LJQANCHMSA-N
769,PF 543 hydrochloride,Cc1cc(cc(c1)OCc2ccc(cc2)CN3CCC[C@@H]3CO)CS(=O)(=O)c4ccccc4 {A20=R},NPUXORBZRBIOMQ-RUZDIDTESA-N
770,PF 573228,CS(=O)(=O)c1cccc(c1)CNc2nc(ncc2C(F)(F)F)Nc3ccc4NC(=O)CCc4c3,HESLKTSGTIBHJU-UHFFFAOYSA-N
771,PF 750,O=C(Nc1ccccc1)N2CCC(Cc3cnc4ccccc4c3)CC2,BIODYGOZWZNCAG-UHFFFAOYSA-N
773,PFI 1,COc1ccccc1S(=O)(=O)Nc2ccc3NC(=O)N(C)Cc3c2,TXZPMHLMPKIUGK-UHFFFAOYSA-N
780,phenelzine,NNCCc1ccccc1,RMUCZJUITONUFY-UHFFFAOYSA-N
781,phenformin,N=C(N)NC(=N)NCCc1ccccc1,ICFJFFQQTFMIBG-UHFFFAOYSA-N
782,phenoxybenzamine,CC(COc1ccccc1)N(CCCl)Cc2ccccc2,QZVCTJOXCFMACW-UHFFFAOYSA-N
783,phentermine,CC(C)(N)Cc1ccccc1,DHHVAGZRUROJKS-UHFFFAOYSA-N
784,phentolamine,Cc1ccc(cc1)N(CC2=NCCN2)c3cccc(O)c3,MRBDMNSDAVCSSF-UHFFFAOYSA-N
787,phenytoin,O=C1NC(=O)C(N1)(c2ccccc2)c3ccccc3,CXOFVDLJLONNDW-UHFFFAOYSA-N
789,PI 103 hydrochloride,Oc1cccc(c1)c2nc3c4cccnc4oc3c(n2)N5CCOCC5,TUVCWJQQGGETHL-UHFFFAOYSA-N
790,PI 828,Nc1ccc(cc1)c2cccc3C(=O)C=C(Oc23)N4CCOCC4,WUKMIBOGGXMBAC-UHFFFAOYSA-N
791,Piceatannol,Oc1cc(O)cc(/C=C/c2ccc(O)c(O)c2)c1,CDRPUGZCRXZLFL-OWOJBTEDSA-N
792,pifithrin-mu,NS(=O)(=O)C#Cc1ccccc1,ZZUZYEMRHCMVTB-UHFFFAOYSA-N
793,PIK-75,Cc1ccc(cc1S(=O)(=O)N(C)/N=C/c2cnc3ccc(Br)cn23)[N+](=O)[O-],QTHCAAFKVUWAFI-DJKKODMXSA-N
795,pimozide,O=C1Nc2ccccc2N1C3CCN(CCCC(c4ccc(F)cc4)c5ccc(F)cc5)CC3,YVUQSNJEYSNKRX-UHFFFAOYSA-N
797,Pioglitazone hydrochloride,CCc1ccc(CCOc2ccc(cc2)CC3SC(=O)NC3=O)nc1 {A16=q},HYAFETHFCAUJAY-UHFFFAOYSA-N
798,Piperlongumine,COc1cc(/C=C/C(=O)N2CCC=CC2=O)cc(OC)c1OC,VABYUUZNAVQNPG-BQYQJAHWSA-N
799,Pitavastatin calcium,O=C(O)C[C@H](O)C[C@H](O)/C=C/c1c(nc2ccccc2c1c3ccc(F)cc3)C4CC4 {A4=R;A7=S},VGYFMXBACGZSIL-MCBHFWOFSA-N
800,PJ 34 hydrochloride,CN(C)CC(=O)Nc1ccc2NC(=O)c3ccccc3c2c1,UYJZZVDLGDDTCL-UHFFFAOYSA-N
801,PKC 412,CO[C@@H]1[C@@H](C[C@H]2O[C@]1(C)n3c4ccccc4c5c6CNC(=O)c6c7c8ccccc8n2c7c35)N(C)C(=O)c9ccccc9 {A2=R;A3=R;A5=R;A7=S},BMGQWWVMWDBQGC-IIFHNQTCSA-N
804,PLX-4720,CCCS(=O)(=O)Nc1ccc(F)c(C(=O)c2c[nH]c3ncc(Cl)cc23)c1F,YZDJQTHVDDOVHR-UHFFFAOYSA-N
805,Podophyllotoxin,COc1cc(cc(OC)c1OC)[C@@H]2c3cc4OCOc4cc3[C@H](O)[C@H]5COC(=O)[C@H]25 {A12=R;A22=R;A24=R;A29=R},YJGVMLPVUAXIQN-XVVDYKMHSA-N
808,PP 2,CC(C)(C)n1nc(c2c1ncnc2N)c3ccc(Cl)cc3,PBBRWFOVCUAONR-UHFFFAOYSA-N
810,PP 3,Nc1ncnc2c1cnn2c3ccccc3,KKDPIZPUTYIBFX-UHFFFAOYSA-N
812,PQ 401,COc1ccc(Cl)cc1NC(=O)Nc2cc(C)nc3ccccc23,YBLWOZUPHDKFOT-UHFFFAOYSA-N
813,pramipexole,CCCN[C@H]1CCc2nc(N)sc2C1 {A4=S},FASDKYOPVNHBLU-ZETCQYMHSA-N
814,pravastatin,CC[C@H](C)C(=O)O[C@H]1C[C@H](O)C=C2C=C[C@H](C)[C@H](CC[C@@H](O)C[C@@H](O)CC(=O)O)[C@@H]12 {A2=S;A7=S;A9=S;A15=S;A17=S;A20=R;A23=R;A29=R},TUZYXOIXSAXUGO-PZAWKZKUSA-N
815,prazosin,COc1cc2nc(nc(N)c2cc1OC)N3CCN(CC3)C(=O)c4ccco4,IENZQIKPVFGBNW-UHFFFAOYSA-N
817,primidone,CCC1(C(=O)NCNC1=O)c2ccccc2,DQMZLTXERSFNPB-UHFFFAOYSA-N
818,procarbazine,CNNCc1ccc(cc1)C(=O)NC(C)C,CPTBDICYNRMXFX-UHFFFAOYSA-N
819,profenamine,CCN(CC)C(C)CN1c2ccccc2Sc3ccccc13,CDOZDBSBBXSXLB-UHFFFAOYSA-N
820,progesterone,CC(=O)[C@H]1CC[C@H]2[C@@H]3CCC4=CC(=O)CC[C@]4(C)[C@H]3CC[C@]12C {A3=S;A6=S;A7=S;A16=R;A18=S;A21=S},RJKFOVLPORLFTN-LEKSSAKUSA-N
821,promethazine,CC(CN1c2ccccc2Sc3ccccc13)N(C)C,PWWVAXIEGOYWEE-UHFFFAOYSA-N
822,propafenone,CCCNCC(O)COc1ccccc1C(=O)CCc2ccccc2 {A5=q},JWHAUXFOSRPERK-UHFFFAOYSA-N
823,propantheline,CC(C)[N+](C)(CCOC(=O)C1c2ccccc2Oc3ccccc13)C(C)C,VVWYOYDLCMFIEM-UHFFFAOYSA-N
824,propofol,CC(C)c1cccc(c1O)C(C)C,OLBCVFGFOZPWHH-UHFFFAOYSA-N
828,PU H71,CC(C)NCCCn1c(nc2c1ncnc2N)Sc3cc4OCOc4cc3I,SUPVGFZUWFMATN-UHFFFAOYSA-N
829,Puromycin dihydrochloride,COc1ccc(cc1)C[C@H](N)C(=O)N[C@@H]2[C@@H](CO)O[C@H]([C@@H]2O)n3cnc4c3ncnc4N(C)C {A9=S;A14=S;A15=S;A19=R;A20=R},RXWNCPJZOCPEPQ-NVWDDTSBSA-N
831,Pyroxamide,O=C(CCCCCCC(=O)Nc1cccnc1)NO,PTJGLFIIZFVFJV-UHFFFAOYSA-N
832,Pyrrolidinedithiocarbamate ammonium,S=C(S)N1CCCC1,VSWDORGPIHIGNW-UHFFFAOYSA-N
835,Quercetin,O=C1C(O)=C(Oc2cc(O)cc(O)c12)c3ccc(O)c(O)c3,REFJWTPEDVJJIY-UHFFFAOYSA-N
836,Querc?tine-3-rutinoside,C[C@@H]1O[C@@H](OC[C@H]2O[C@@H](OC3=C(Oc4cc(O)cc(O)c4C3=O)c5ccc(O)c(O)c5)[C@H](O)[C@@H](O)[C@@H]2O)[C@H](O)[C@H](O)[C@H]1O {A1=S;A3=R;A6=R;A8=S;A31=R;A33=S;A35=S;A37=R;A39=R;A41=R},IKGXIBQEEMLURG-NVPNHPEKSA-N
837,Quetiapine hemifumarate,OCCOCCN1CCN(CC1)C2=Nc3ccccc3Sc4ccccc24,URKOMYMAXPYINW-UHFFFAOYSA-N
838,quinapril,CCOC(=O)[C@H](CCc1ccccc1)N[C@@H](C)C(=O)N2Cc3ccccc3C[C@H]2C(=O)O {A5=S;A15=S;A28=S},JSDRRTOADPPCHY-HSQYWUDLSA-N
841,quinidine,C=C[C@H]1C[N@@]2CC[C@H]1C[C@@H]2[C@@H](O)c3ccnc4ccc(cc34)OC {A2=R;A4=S;A7=S;A9=R;A10=S},LOUPRKONTZGTKE-LHHVKLHASA-N
843,quizartinib,CC(C)(C)c1cc(no1)NC(=O)Nc2ccc(cc2)c3cn4c5ccc(cc5sc4n3)OCCN6CCOCC6,CVWXJKQAOSCOAB-UHFFFAOYSA-N
847,rabeprazole,COCCCOc1ccnc(CS(=O)c2nc3ccccc3[nH]2)c1C,YREYEVIYCVEVJK-UHFFFAOYSA-N
848,ramipril,CCOC(=O)[C@H](CCc1ccccc1)N[C@@H](C)C(=O)N2[C@@H](C[C@@H]3CCC[C@H]23)C(=O)O {A5=S;A15=S;A20=S;A22=S;A26=S},HDACQVRGBOVJII-JBDAPHQKSA-N
849,ranitidine,"CNC(=C[N+](=O)[O-])NCCSCc1ccc(CN(C)C)o1 {B2,3=x}",VMXUWOKSQNHOCA-UHFFFAOYSA-N
850,ranolazine,COc1ccccc1OCC(O)CN2CCN(CC(=O)Nc3c(C)cccc3C)CC2 {A10=q},XKLMZUWKNUAPSZ-UHFFFAOYSA-N
853,regorafenib,CNC(=O)c1cc(ccn1)Oc2ccc(NC(=O)Nc3ccc(Cl)c(c3)C(F)(F)F)c(F)c2,FNHKPVJBJVTLMP-UHFFFAOYSA-N
855,repaglinide,CCOc1cc(ccc1C(=O)O)CC(=O)N[C@@H](CC(C)C)c2ccccc2N3CCCCC3 {A16=S},FAEKWTJYAYMJKF-QHCPKHFHSA-N
856,Reserpinic acid hydrochloride,COc1ccc2c(c1)[nH]c3c2CCN4C[C@H]5C[C@@H](O)[C@H](OC)[C@@H](C(=O)O)[C@H]5C[C@H]34 {A15=S;A17=R;A19=R;A22=S;A26=S;A28=R},JVHNBFFHWQQPLL-WOXROFTLSA-N
858,RG 108,O=C(O)[C@H](Cc1c[nH]c2ccccc12)N3C(=O)c4ccccc4C3=O {A3=S},HPTXLHAHLXOAKV-INIZCTEOSA-N
862,Ritanserin,CC1=C(CCN2CCC(CC2)=C(c3ccc(F)cc3)c4ccc(F)cc4)C(=O)N5C=CSC5=N1,JUQLTPCYUFPYKE-UHFFFAOYSA-N
863,ritodrine,C[C@H](NCCc1ccc(O)cc1)[C@H](O)c2ccc(O)cc2 {A1=S;A12=R},IOVGROKTTNBUGK-SJCJKPOMSA-N
864,ritonavir,CC(C)c1nc(cs1)CN(C)C(=O)N[C@H](C(=O)N[C@@H](Cc2ccccc2)C[C@H](O)[C@H](Cc3ccccc3)NC(=O)OCc4cncs4)C(C)C {A14=S;A18=S;A27=S;A29=S},NCDNCNXCDXHOMX-XGKFQTDJSA-N
866,rizatriptan,CN(C)CCc1c[nH]c2ccc(cc12)Cn3cncn3,ULFRLSNUDGIQQP-UHFFFAOYSA-N
871,Ro 3306,O=C1N=C(NCc2cccs2)S/C1=C\c3ccc4ncccc4c3,XOLMRFUGOINFDQ-YBEGLDIGSA-N
873,ropinirole,CCCN(CCC)CCc1cccc2NC(=O)Cc12,UHSKFQJFRQCDBE-UHFFFAOYSA-N
874,Roscovitine,CC[C@H](CO)Nc1nc2c(ncn2C(C)C)c(n1)NCc3ccccc3 {A2=R},BTIHMVBBUGXLCJ-OAHLLOKOSA-N
878,Ryuvidine,Cc1nc2C(=O)C(=CC(=O)c2s1)Nc3ccc(C)cc3,HFPLHASLIOXVGS-UHFFFAOYSA-N
883,SAHA,O=C(CCCCCCC(=O)Nc1ccccc1)NO,WAEXFXRVDQXREF-UHFFFAOYSA-N
884,Salermide,CC(C(=O)Nc1cccc(c1)/N=C/c2c(O)ccc3ccccc23)c4ccccc4,HQSSEGBEYORUBY-WPWMEQJKSA-N
886,salmeterol,OCc1cc(ccc1O)C(O)CNCCCCCCOCCCCc2ccccc2,GIIZNNXWQWCKIB-UHFFFAOYSA-N
887,Salsolinol hydrobromide,C[C@@H]1NCCc2cc(O)c(O)cc12 {A1=S},IBRKLUSXDYATLG-LURJTMIESA-N
888,SB 202190,Oc1ccc(cc1)c2nc(c([nH]2)c3ccncc3)c4ccc(F)cc4,QHKYPYXTTXKZST-UHFFFAOYSA-N
889,SB 216763,Cn1cc(C2=C(C(=O)NC2=O)c3ccc(Cl)cc3Cl)c4ccccc14,JCSGFHVFHSKIJH-UHFFFAOYSA-N
890,SB 218078,O=C1NC(=O)c2c1c3c4ccccc4n5c3c6c2c7ccccc7n6C8CCC5O8,OTPNDVKVEAIXTI-UHFFFAOYSA-N
891,SB 415286,O=C1NC(=O)C(=C1Nc2ccc(O)c(Cl)c2)c3ccccc3[N+](=O)[O-],PQCXVIPXISBFPN-UHFFFAOYSA-N
895,SC 514,NC(=O)c1sc(cc1N)c2ccsc2,BMUACLADCKCNKZ-UHFFFAOYSA-N
897,SC-9,O=S(=O)(NCCCCCCc1ccccc1)c2cccc3c(Cl)cccc23,YUXMTDYHFPRPLG-UHFFFAOYSA-N
899,Scopolamine hydrobromide,CN1[C@H]2C[C@@H](C[C@@H]1[C@H]3O[C@@H]23)OC(=O)[C@H](CO)c4ccccc4 {A2=S;A6=R;A7=R;A9=S;A13=S},STECJAGHUSJQJN-FWXGHANASA-N
900,Scriptaid,O=C(CCCCCN1C(=O)c2cccc3cccc(C1=O)c23)NO,JTDYUFSDZATMKU-UHFFFAOYSA-N
902,SDZ 21009,CC(C)OC(=O)c1cc2c(cccc2OCC(O)CNC(C)(C)C)[nH]1 {A16=q},SJYFDORQYYEJLB-UHFFFAOYSA-N
903,Securinine,O=C1C=C2C=C[C@@H]3C[C@@]2(O1)[C@H]4CCCCN34 {A6=S;A8=S;A10=R},SWZMSZQQJRKFBP-WZRBSPASSA-N
904,selegiline,C#CCN(C)[C@H](C)Cc1ccccc1 {A5=R},MEZLKOACVSPNER-GFCCVEGCSA-N
905,selumetinib,Cn1cnc2c1cc(C(=O)NOCCO)c(Nc3ccc(Br)cc3Cl)c2F,CYOHGALHFOKKQC-UHFFFAOYSA-N
910,sertraline,CN[C@H]1CC[C@@H](c2ccc(Cl)c(Cl)c2)c3ccccc13 {A2=S;A5=S},VGKDLMBJGBXTGI-SJCJKPOMSA-N
914,SGX 523,Cn1cc(cn1)c2ccc3nnc(Sc4ccc5ncccc5c4)n3n2,BCZUAADEACICHN-UHFFFAOYSA-N
915,sibutramine,CC(C)CC(N(C)C)C1(CCC1)c2ccc(Cl)cc2,UNAANXDKBXWMLN-UHFFFAOYSA-N
916,Sildenafil citrate,CCCc1nn(C)c2C(=O)NC(=Nc12)c3cc(ccc3OCC)S(=O)(=O)N4CCN(C)CC4,BNRNXUUZRGQAQC-UHFFFAOYSA-N
918,Simvastatin,CCC(C)(C)C(=O)O[C@H]1C[C@@H](C)C=C2C=C[C@H](C)[C@H](CC[C@@H]3C[C@@H](O)CC(=O)O3)[C@@H]12 {A8=S;A10=R;A16=S;A18=S;A21=R;A23=R;A29=R},RYMZZMVNJRMUDD-HGQWONQESA-N
921,SL 327,N#C/C(=C(N)\Sc1ccc(N)cc1)c2ccccc2C(F)(F)F,JLOXTZFYJNCPIS-FYWRMAATSA-N
922,SMER 3,O=C1c2ccccc2c3nc4nonc4nc13,SFSSAKVWCKFRHE-UHFFFAOYSA-N
924,SNS 032,CC(C)(C)c1cnc(CSc2cnc(NC(=O)C3CCNCC3)s2)o1,OUSFTKFNBAZUKL-UHFFFAOYSA-N
925,SNS 314 mesylate,O=C(Nc1ncc(CCNc2ncnc3ccsc23)s1)Nc4cccc(Cl)c4,FAYAUAZLLLJJGH-UHFFFAOYSA-N
926,Sodium 4-Phenylbutyrate,O=C(O)CCCc1ccccc1,OBKXEAXTFZPCHS-UHFFFAOYSA-N
928,sorafenib,CNC(=O)c1cc(ccn1)Oc2ccc(cc2)NC(=O)Nc3ccc(Cl)c(c3)C(F)(F)F,MLDQJTXFUGDVEO-UHFFFAOYSA-N
929,sotalol,CC(C)NCC(O)c1ccc(cc1)NS(C)(=O)=O,ZBMZVLHSJCTVON-UHFFFAOYSA-N
933,spironolactone,CC(=O)S[C@@H]1CC2=CC(=O)CC[C@]2(C)[C@H]3CC[C@@]4(C)[C@@H](CC[C@@]45CCC(=O)O5)[C@H]13 {A4=R;A12=R;A14=S;A17=S;A19=S;A22=R;A28=R},LXMSZDCAJNLERA-ZHYRCANASA-N
934,Splitomicin,O=C1CCc2c(ccc3ccccc23)O1,ISFPDBUKMJDAJH-UHFFFAOYSA-N
937,SR 202,COP(=O)(OC)OC(c1ccc(Cl)cc1)P(=O)(OC)OC,VQHUQHAPWMNBLP-UHFFFAOYSA-N
944,Strophanthidin,C[C@]12CC[C@H]3[C@@H](CC[C@]4(O)C[C@@H](O)CC[C@]34C=O)[C@@]1(O)CC[C@@H]2C5=CC(=O)OC5 {A1=R;A4=S;A5=R;A8=S;A11=S;A15=S;A18=S;A22=R},ODJLBQGVINUMMR-HZXDTFASSA-N
949,SU 4312,CN(C)c1ccc(/C=C2\C(=O)Nc3ccccc23)cc1,UAKWLVYMKBWHMX-PTNGSMBKSA-N
951,Sulfasalazine,O=C(O)c1cc(ccc1O)/N=N/c2ccc(cc2)S(=O)(=O)Nc3ccccn3,NCEXYHBECQHGNR-QZQOTICOSA-N
952,sulindac,CC1=C(CC(=O)O)c2cc(F)ccc2/C1=C\c3ccc(cc3)S(C)=O,MLKXDPUZXIRXEP-MFOYZWKCSA-N
955,T 0070907,O=C(Nc1ccncc1)c2cc(ccc2Cl)[N+](=O)[O-],FRPJSHKMZHWJBE-UHFFFAOYSA-N
956,T 0156 hydrochloride,COC(=O)C1=C(c2cc(OC)c(OC)c(c2)OC)c3ccnc(OCc4ncccn4)c3C(=O)N1Cc5ccnc(C)c5,JEMJAABFSYOLAP-UHFFFAOYSA-N
957,T 0901317,O=S(=O)(c1ccccc1)N(CC(F)(F)F)c2ccc(cc2)C(O)(C(F)(F)F)C(F)(F)F,SGIWFELWJPNFDH-UHFFFAOYSA-N
960,tacrine,Nc1c2ccccc2nc3CCCCc13,YLJREFDVOIBQDA-UHFFFAOYSA-N
961,tadalafil,CN1CC(=O)N2[C@H](Cc3c4ccccc4[nH]c3[C@H]2c5ccc6OCOc6c5)C1=O {A6=R;A17=R},WOXKDUGGOYFFRN-IIBYNOLFSA-N
965,TAK-715,CCc1nc(c(s1)c2ccnc(c2)NC(=O)c3ccccc3)c4cccc(C)c4,HEKAIDKUDLCBRU-UHFFFAOYSA-N
969,tandutinib,COc1cc2c(cc1OCCCN3CCCCC3)ncnc2N4CCN(CC4)C(=O)Nc5ccc(cc5)OC(C)C,UXXQOJXBIDBUAC-UHFFFAOYSA-N
970,TBB,Brc1c2nn[nH]c2c(Br)c(Br)c1Br,OMZYUVOATZSGJY-UHFFFAOYSA-N
981,TCS 359,COc1ccc(cc1OC)C(=O)Nc2sc3CCCCc3c2C(N)=O,FSPQCTGGIANIJZ-UHFFFAOYSA-N
985,TC-S 7010,CCN1CCN(CC1)C(=O)Cc2ccc(cc2)Nc3ncc(F)c(n3)Nc4ccc(cc4)C(=O)Nc5ccccc5Cl,AKSIZPIFQAYJGF-UHFFFAOYSA-N
989,temozolomide,CN1N=Nc2c(ncn2C1=O)C(N)=O,BPEGJWRSRHCHSN-UHFFFAOYSA-N
992,Tenovin-1,CC(=O)Nc1ccc(cc1)NC(=S)NC(=O)c2ccc(cc2)C(C)(C)C,WOWJIWFCOPZFGV-UHFFFAOYSA-N
993,terfenadine,CC(C)(C)c1ccc(cc1)C(O)CCCN2CCC(CC2)C(O)(c3ccccc3)c4ccccc4,GUGOEEXESWIERI-UHFFFAOYSA-N
996,tetrahydrozoline,c1ccc2c(c1)CCCC2C3=NCCN3,BYJAVTDNIXVSPW-UHFFFAOYSA-N
998,TGX 221,CC1=CN2C(=O)C=C(N=C2C(=C1)C(C)Nc3ccccc3)N4CCOCC4,CPRAGQJXBLMUEL-UHFFFAOYSA-N
999,Thapsigargin,C/C=C(C)\C(=O)O[C@H]1C(C)=C2[C@@H]3OC(=O)[C@@](C)(O)[C@@]3(O)[C@H](C[C@](C)(OC(C)=O)[C@H]2[C@@H]1OC(=O)CCCCCCC)OC(=O)CCC {A7=S;A11=S;A15=S;A18=R;A20=S;A22=S;A28=R;A29=S},IXFPJGBNCFXKPI-FSIHEZPISA-N
1000,thiethylperazine,CCSc1ccc2Sc3ccccc3N(CCCN4CCN(C)CC4)c2c1,XCTYLCDETUVOIP-UHFFFAOYSA-N
1001,Thiocolchicoside,COc1c(cc2CC[C@H](NC(C)=O)C3=CC(=O)C(=CC=C3c2c1OC)SC)O[C@@H]4O[C@H](CO)[C@@H](O)[C@H](O)[C@H]4O {A8=S;A28=S;A30=R;A33=S;A35=S;A37=R},LEQAKWQJCITZNK-AXHKHJLKSA-N
1004,thioridazine,CSc1ccc2Sc3ccccc3N(CCC4CCCCN4C)c2c1 {A16=q},KLBQZWRITKRQQV-UHFFFAOYSA-N
1005,thiotepa,S=P(N1CC1)(N2CC2)N3CC3,FOCVUCIESVLUNU-UHFFFAOYSA-N
1006,timolol,CC(C)(C)NC[C@H](O)COc1nsnc1N2CCOCC2 {A6=S},BLJRIMJGRPQVNF-JTQLQIEISA-N
1008,tivantinib,O=C1NC(=O)[C@@H](c2cn3CCCc4cccc2c34)[C@@H]1c5c[nH]c6ccccc56 {A5=R;A18=R},UCEQXRCJXIVODC-PMACEKPBSA-N
1009,TMPH hydrochloride,CCCCCCC(=O)OC1CC(C)(C)NC(C)(C)C1,PWWKJRFUJIFGGD-UHFFFAOYSA-N
1012,tolazoline,c1ccc(cc1)CC2=NCCN2,JIVZKJJQOZQXQB-UHFFFAOYSA-N
1013,Tolterodine L-tartrate,Cc1ccc(O)c(c1)[C@H](CCN(C(C)C)C(C)C)c2ccccc2 {A8=R},OOGJQPCLVADCPB-HXUWFJFHSA-N
1015,Torin 1,CCC(=O)N1CCN(CC1)c2ccc(cc2C(F)(F)F)N3C(=O)C=Cc4cnc5ccc(cc5c34)c6cnc7ccccc7c6,AKCRNFFTGXBONI-UHFFFAOYSA-N
1016,Torin 2,Nc1ccc(cn1)c2ccc3ncc4C=CC(=O)N(c5cccc(c5)C(F)(F)F)c4c3c2,GUXXEUUYCAYESJ-UHFFFAOYSA-N
1017,TPCA-1,NC(=O)Nc1sc(cc1C(N)=O)c2ccc(F)cc2,SAYGKHKXGCPTLX-UHFFFAOYSA-N
1018,tranylcypromine,N[C@H]1C[C@@H]1c2ccccc2 {A1=q;A3=q},AELCINSCMGFISI-BDAKNGLRSA-N
1019,Tranylcypromine hydrochloride,N[C@@H]1C[C@H]1c2ccccc2 {A1=R;A3=S},AELCINSCMGFISI-DTWKUNHWSA-N
1020,trapidil,CCN(CC)c1cc(C)nc2ncnn12,GSNOZLZNQMLSKJ-UHFFFAOYSA-N
1022,tretinoin,CC(=C/C=C/C(C)=C/C(=O)O)/C=C/C1=C(C)CCCC1(C)C,SHGAZHPCJJPHSC-ZVCIMWCZSA-N
1027,triflupromazine,CN(C)CCCN1c2ccccc2Sc3ccc(cc13)C(F)(F)F,XSCGXQMFQXDFCW-UHFFFAOYSA-N
1031,trimipramine,CC(CN(C)C)CN1c2ccccc2CCc3ccccc13,ZSCDBOWYZJWBIY-UHFFFAOYSA-N
1033,tropicamide,CCN(Cc1ccncc1)C(=O)C(CO)c2ccccc2,BGDKAVGWHJFAGW-UHFFFAOYSA-N
1036,Tubacin,O=C(CCCCCCC(=O)Nc1ccc(cc1)[C@@H]2O[C@@H](C[C@H](CSc3nc(c(o3)c4ccccc4)c5ccccc5)O2)c6ccc(cc6)CO)NO {A17=R;A19=S;A21=R},BHUZLJOUHMBZQY-YXQOSMAKSA-N
1039,TWS 119,Nc1cccc(c1)c2cc3c(ncnc3Oc4cccc(O)c4)[nH]2,VPVLEBIVXZSOMQ-UHFFFAOYSA-N
1049,Ursolic acid,C[C@@H]1[C@H]2C3=CC[C@@H]4[C@@]5(C)CC[C@H](O)C(C)(C)[C@@H]5CC[C@@]4(C)[C@]3(C)CC[C@]2(CC[C@H]1C)C(=O)O {A1=S;A2=S;A6=R;A7=R;A11=S;A16=R;A19=R;A21=S;A25=S;A28=R},WCGUUGGRBIKTOS-GPOJBZKASA-N
1051,"Valproic acid, sodium salt",CCCC(CCC)C(=O)O,NIJJYAXOARWZEE-UHFFFAOYSA-N
1052,valsartan,CCCCC(=O)N(Cc1ccc(cc1)c2ccccc2c3nnn[nH]3)[C@H](C(=O)O)C(C)C {A25=S},ACWBQPMHZXGDFX-QFIPXVFZSA-N
1053,vandetanib,COc1cc2c(cc1OCC3CCN(C)CC3)ncnc2Nc4ccc(Br)cc4F,UHTHHESEBZOYNR-UHFFFAOYSA-N
1055,vecuronium,CC(=O)O[C@H]1C[C@@H]2CC[C@H]3[C@@H]4C[C@@H]([C@H](OC(C)=O)[C@@]4(C)CC[C@@H]3[C@@]2(C)C[C@@H]1N5CCCCC5)[N+]6(C)CCCCC6 {A4=S;A6=S;A9=R;A10=S;A12=S;A13=R;A18=S;A22=S;A23=S;A26=S},BGSZAXLLHYERSY-XQIGCQGXSA-N
1057,verapamil,COc1ccc(cc1OC)CCN(C)CCCC(C#N)(c2ccc(OC)c(c2)OC)C(C)C,SGTNSNPWRIOYBX-UHFFFAOYSA-N
1060,Vinblastine sulfate,CCC1(O)CC2CN(C1)CCc3c4ccccc4[nH]c3C(C2)(C(=O)OC)c5cc6c(cc5OC)N(C)C7C68CCN9CC=CC(CC)(C89)C(OC(C)=O)C7(O)C(=O)OC,JXLYSJRDGCGARV-UHFFFAOYSA-N
1061,Vincamine,CC[C@@]12CCCN3CCc4c5ccccc5n(c4[C@H]13)[C@](O)(C2)C(=O)OC {A2=S;A18=S;A19=S},RXPRRQLKFXBCSJ-GIVPXCGWSA-N
1062,vincristine,CC[C@]1(O)C[C@@H]2CN(C1)CCc3c4ccccc4[nH]c3[C@@](C2)(C(=O)OC)c5cc6c(cc5OC)N(C=O)[C@H]7[C@@](O)(C(=O)OC)[C@H](OC(C)=O)[C@@]8(C=CCN9CC[C@]67[C@H]89)CC {A2=S;A5=R;A20=S;A37=R;A38=S;A44=R;A49=R;A56=R;A57=R},OGWKCGZFUXNPDA-CFWMRBGOSA-N
1065,Vinpocetine,CCOC(=O)C1=C[C@]2(CC)CCCN3CCc4c5ccccc5n1c4[C@H]23 {A7=S;A25=S},DDNCQMVWWZOMLN-IRLDBZIGSA-N
1070,VX 680,Cc1cc(Nc2cc(nc(n2)Sc3ccc(cc3)NC(=O)C4CC4)N5CCN(C)CC5)[nH]n1,GCIKSSRWRFVXBI-UHFFFAOYSA-N
1071,VX 702,NC(=O)c1ccc(nc1c2ccc(F)cc2F)N(C(N)=O)c3c(F)cccc3F,FYSRKRZDBHOFAY-UHFFFAOYSA-N
1072,VX 745,O=C1N=CN2N=C(C=CC2=C1c3c(Cl)cccc3Cl)Sc4ccc(F)cc4F,VEPKQEUBKLEPRA-UHFFFAOYSA-N
1073,W-13 hydrochloride,NCCCCNS(=O)(=O)c1ccc2c(Cl)cccc2c1,JJQKICOADUKSNS-UHFFFAOYSA-N
1077,WH-4-023,COc1ccc(c(c1)OC)N(C(=O)Oc2c(C)cccc2C)c3ccnc(n3)Nc4ccc(cc4)N5CCN(C)CC5,NBTNHSGBRGTFJS-UHFFFAOYSA-N
1078,WHI-P 154,COc1cc2ncnc(Nc3ccc(O)c(Br)c3)c2cc1OC,CBIAKDAYHRWZCU-UHFFFAOYSA-N
1081,Wiskostatin,CN(C)CC(O)Cn1c2ccc(Br)cc2c3cc(Br)ccc13,XUBJEDZHBUPBKL-UHFFFAOYSA-N
1082,wortmannin,COC[C@H]1OC(=O)c2coc3C(=O)C4=C([C@@H](C[C@]5(C)C(=O)CC[C@@H]45)OC(C)=O)[C@]1(C)c23 {A3=S;A15=R;A17=S;A23=R;A28=R},QDLHCMPXEPAAMD-QAIWCSMKSA-N
1083,WY 14643,Cc1cccc(Nc2cc(Cl)nc(n2)SCC(=O)O)c1C,SZRPDCCEHVWOJX-UHFFFAOYSA-N
1084,WYE-125132,CNC(=O)Nc1ccc(cc1)c2nc3c(cnn3C4CCC5(CC4)OCCO5)c(n2)N6CC7CCC(C6)O7,QLHHRYZMBGPBJG-UHFFFAOYSA-N
1086,XE-991,O=C1c2ccccc2C(Cc3ccncc3)(Cc4ccncc4)c5ccccc15,KHJFBUUFMUBONL-UHFFFAOYSA-N
1087,XL 184,COc1cc2nccc(Oc3ccc(cc3)NC(=O)C4(CC4)C(=O)Nc5ccc(F)cc5)c2cc1OC,ONIQOQHATWINJY-UHFFFAOYSA-N
1091,Y-27632 dihydrochloride,C[C@@H](N)[C@H]1CC[C@@H](CC1)C(=O)Nc2ccncc2 {A1=R},IYOZTVGMEWJPKR-IJLUTSLNSA-N
1092,Yohimbine hydrochloride,COC(=O)[C@H]1[C@@H](O)CC[C@H]2CN3CCc4c5ccccc5[nH]c4[C@@H]3C[C@H]12 {A4=R;A5=S;A9=R;A23=S;A25=S},BLGXFZZNTVWLAY-SCYLSFHTSA-N
1095,zatebradine,COc1ccc(cc1OC)CCN(C)CCCN2CCc3cc(OC)c(cc3CC2=O)OC,KEDQCFRVSHYKLR-UHFFFAOYSA-N
1096,ZD-7288,CCN(c1ccccc1)c2cc(NC)[n+](C)c(C)n2,JABSKGQQWUDVRU-UHFFFAOYSA-O
1097,Zebularine,O=C1N=CC=CN1[C@@H]2O[C@H](CO)[C@@H](O)[C@H]2O {A7=R;A9=R;A12=S;A14=R},RPQZTTQVRYEKCR-WCTZXXKLSA-N
1098,zileuton,CC(c1cc2ccccc2s1)N(O)C(N)=O {A1=q},MWLSOWXNZPKENC-UHFFFAOYSA-N
1099,ziprasidone,O=C1Cc2cc(CCN3CCN(CC3)c4nsc5ccccc45)c(Cl)cc2N1,MVWVFYHBGMAFLY-UHFFFAOYSA-N
1101,ZM 306416 hydrochloride,COc1cc2ncnc(Nc3ccc(Cl)cc3F)c2cc1OC,YHUIUSRCUKUUQA-UHFFFAOYSA-N
1102,ZM 323881 hydrochloride,Cc1cc(F)c(cc1O)Nc2ncnc3cc(ccc23)OCc4ccccc4,NVBNDZZLJRYRPD-UHFFFAOYSA-N
1103,ZM 336372,Cc1ccc(cc1NC(=O)c2ccc(O)cc2)NC(=O)c3cccc(c3)N(C)C,PYEFPDQFAZNXLI-UHFFFAOYSA-N
1104,ZM 39923 hydrochloride,CC(C)N(CCC(=O)c1ccc2ccccc2c1)Cc3ccccc3,JSASWRWALCMOQP-UHFFFAOYSA-N
1106,zolmitriptan,CN(C)CCc1c[nH]c2ccc(cc12)C[C@H]3COC(=O)N3 {A15=S},ULSDMUVEXKOYBU-ZDUSSCGKSA-N
1107,zolpidem,Cc1ccc(cc1)c2nc3ccc(C)cn3c2CC(=O)N(C)C,ZAFYATHCZYHLPB-UHFFFAOYSA-N
1108,zonisamide,NS(=O)(=O)Cc1noc2ccccc12,UBQNRHZMVUUOMG-UHFFFAOYSA-N
1109,5-Fluorouracil,O=C1NC=C(F)C(=O)N1,GHASVSINZRGABV-UHFFFAOYSA-N
1110,A 769662,N#CC1=C(O)c2c(csc2NC1=O)c3ccc(cc3)c4ccccc4O,CTESJDQKVOEUOY-UHFFFAOYSA-N
1111,A66,Cc1nc(NC(=O)N2CCC[C@H]2C(N)=O)sc1c3csc(n3)C(C)(C)C {A11=S},HBPXWEPKNBHKAX-NSHDSACASA-N
1112,Precose,C[C@H]1O[C@H](O[C@H]2[C@H](O)[C@@H](O)[C@@H](O[C@H]3[C@H](O)[C@@H](O)[C@H](O)O[C@@H]3CO)O[C@@H]2CO)[C@H](O)[C@@H](O)[C@@H]1N[C@H]4C=C(CO)[C@@H](O)[C@H](O)[C@H]4O {A1=R;A3=R;A5=S;A6=R;A8=R;A10=R;A12=S;A13=R;A15=R;A17=R;A20=R;A24=R;A27=R;A29=S;A31=S;A33=S;A38=R;A40=S;A42=S},XUFXOAAUWZOOIT-SXARVLRPSA-N
1114,alpelisib,Cc1nc(NC(=O)N2CCC[C@H]2C(N)=O)sc1c3ccnc(c3)C(C)(C)C(F)(F)F {A11=S},STUWGJZDJHPWGZ-LBPRGKRZSA-N
1117,Bay 11-7821,Cc1ccc(cc1)S(=O)(=O)/C=C/C#N,DOEWDSDBFRHVAP-KRXBUXKQSA-N
1121,BRD 4354,CCN1CCN(CC1)C(c2cccnc2)c3cc(Cl)c4cccnc4c3O,XAFSFXYJOJWLJD-UHFFFAOYSA-N
1124,buparlisib,Nc1cc(c(cn1)c2cc(nc(n2)N3CCOCC3)N4CCOCC4)C(F)(F)F,CWHUFRVAEUJCEF-UHFFFAOYSA-N
1125,chloroquine,CCN(CC)CCCC(C)Nc1ccnc2cc(Cl)ccc12 {A8=q},WHTVZRBIWZFKQO-UHFFFAOYSA-N
1127,clozapine,CN1CCN(CC1)C2=Nc3cc(Cl)ccc3Nc4ccccc24,QZUDBNBUXVUHMW-UHFFFAOYSA-N
1128,Cycloheximide,C[C@H]1C[C@H](C)C(=O)[C@@H](C1)[C@H](O)CC2CC(=O)NC(=O)C2 {A1=S;A3=S;A7=S;A9=R},YPHMISFOHDHNIV-FSZOTQKASA-N
1129,cyclophosphamide,O=P1(NCCCO1)N(CCCl)CCCl,CMSMOCZEIVJLDB-UHFFFAOYSA-N
1131,dicycloverine,CCN(CC)CCOC(=O)C1(CCCCC1)C2CCCCC2,CURUTKGFNZGFSE-UHFFFAOYSA-N
1132,Digitoxigenin,C[C@]12CC[C@H](O)C[C@H]1CC[C@@H]3[C@@H]2CC[C@]4(C)[C@H](CC[C@]34O)C5=CC(=O)OC5 {A1=S;A4=S;A7=R;A10=R;A11=S;A14=R;A16=R;A19=S},XZTUSOXSLKTKJQ-CESUGQOBSA-N
1134,etoposide,COc1cc(cc(OC)c1O)[C@@H]2c3cc4OCOc4cc3[C@@H](O[C@@H]5O[C@@H]6CO[C@@H](C)O[C@H]6[C@H](O)[C@H]5O)[C@H]7COC(=O)[C@H]27 {A11=R;A21=S;A23=R;A25=R;A28=R;A31=S;A32=R;A34=R;A36=R;A41=R},VJJPUSNTGOMMGY-MRVIYFEKSA-N
1135,gemcitabine,NC1=NC(=O)N(C=C1)[C@@H]2O[C@H](CO)[C@@H](O)C2(F)F {A8=R;A10=R;A13=R},SDUQYLNIPVEERB-QPPQHZFASA-N
1136,GW 843682X,COc1cc2ncn(c3cc(OCc4ccccc4C(F)(F)F)c(s3)C(N)=O)c2cc1OC,JSKUWFIZUALZLX-UHFFFAOYSA-N
1137,H-9 dihydrochloride,NCCNS(=O)(=O)c1cccc2cnccc12,DCVZSHVZGVWQKV-UHFFFAOYSA-N
1139,Irsogladine maleate,Nc1nc(N)nc(n1)c2cc(Cl)ccc2Cl,ATCGGEJZONJOCL-UHFFFAOYSA-N
1140,KU 55933,O=C1C=C(OC(=C1)N2CCOCC2)c3cccc4Sc5ccccc5Sc34,XRKYMMUGXMWDAO-UHFFFAOYSA-N
1141,labetalol,CC(CCc1ccccc1)NCC(O)c2ccc(O)c(c2)C(N)=O,SGUAFYQXFOLMHL-UHFFFAOYSA-N
1143,Mephenytoin,CCC1(NC(=O)N(C)C1=O)c2ccccc2 {A2=q},GMHKMTDVRCWUDX-UHFFFAOYSA-N
1144,metolazone,Cc1ccccc1N2C(=O)c3cc(c(Cl)cc3NC2C)S(N)(=O)=O,AQCHWTWZEMGIFD-UHFFFAOYSA-N
1146,nilutamide,CC1(C)NC(=O)N(C1=O)c2ccc(c(c2)C(F)(F)F)[N+](=O)[O-],XWXYUMMDTVBTOU-UHFFFAOYSA-N
1147,NVP-BGJ398,CCN1CCN(CC1)c2ccc(cc2)Nc3cc(ncn3)N(C)C(=O)Nc4c(Cl)c(cc(OC)c4Cl)OC,QADPYRIHXKWUSV-UHFFFAOYSA-N
1148,Oxotremorine sesquifumarate,O=C1CCCN1CC#CCN2CCCC2,RSDOPYMFZBJHRL-UHFFFAOYSA-N
1149,oxymetazoline,Cc1cc(c(O)c(C)c1CC2=NCCN2)C(C)(C)C,WYWIFABBXFUGLM-UHFFFAOYSA-N
1152,phensuximide,CN1C(=O)CC(C1=O)c2ccccc2,WLWFNJKHKGIJNW-UHFFFAOYSA-N
1154,Pilocarpine hydrochloride,CC[C@@H]1C(=O)OC[C@@H]1Cc2cncn2C {A2=S;A7=R},QCHFTSOMWOSFHM-WPRPVWTQSA-N
1157,propranolol,CC(C)NCC(O)COc1cccc2ccccc12,AQHHHDLHHXJYJD-UHFFFAOYSA-N
1159,riluzole,Nc1nc2ccc(cc2s1)OC(F)(F)F,FTALBRSUTCGOEG-UHFFFAOYSA-N
1160,Rotenone,C=C(C)[C@H]1Cc2c(ccc3C(=O)[C@H]4c5cc(OC)c(cc5OC[C@H]4Oc23)OC)O1 {A3=R;A12=S;A23=S},JUVIOZPCNVVQFO-HBGVWJBISA-N
1161,Salicin,OCc1ccccc1O[C@@H]2O[C@H](CO)[C@@H](O)[C@H](O)[C@H]2O {A9=S;A11=R;A14=S;A16=S;A18=R},NGFMICBWJRZIBI-UJPOAAIJSA-N
1162,SKI II,Oc1ccc(cc1)Nc2nc(cs2)c3ccc(Cl)cc3,ZFGXZJKLOFCECI-UHFFFAOYSA-N
1163,TCS JNK 5a,N#Cc1c2CCCCc2sc1NC(=O)c3cccc4ccccc34,WQGDQGAFSDMBLA-UHFFFAOYSA-N
1164,telmisartan,CCCc1nc2c(cc(cc2C)c3nc4ccccc4n3C)n1Cc5ccc(cc5)c6ccccc6C(=O)O,RMMXLENWKUUMAY-UHFFFAOYSA-N
1165,tizanidine,Clc1ccc2nsnc2c1NC3=NCCN3,XFYDIVBRZNQMJC-UHFFFAOYSA-N
1166,tolcapone,Cc1ccc(cc1)C(=O)c2cc(O)c(O)c(c2)[N+](=O)[O-],MIQPIUSUKVNLNT-UHFFFAOYSA-N
1167,tolmetin,Cc1ccc(cc1)C(=O)c2ccc(CC(=O)O)n2C,UPSPUYADGBWSHF-UHFFFAOYSA-N
1170,UNC 0638,COc1cc2c(cc1OCCCN3CCCC3)nc(nc2NC4CCN(CC4)C(C)C)C5CCCCC5,QOECJCJVIMVJGX-UHFFFAOYSA-N
1171,UNC 1215,O=C(c1ccc(C(=O)N2CCC(CC2)N3CCCC3)c(c1)Nc4ccccc4)N5CCC(CC5)N6CCCC6,PQOOIERVZAXHBP-UHFFFAOYSA-N
1172,Vitexin,O=C1C=C(Oc2c1c(O)cc(O)c2C3O[C@H](CO)[C@@H](O)[C@H](O)[C@H]3O)c4ccc(O)cc4 {A15=R;A18=S;A20=R;A22=R},SGEWCQFRYRRZDC-YWFAZRBLSA-N
1173,voriconazole,C[C@@H](c1ncncc1F)[C@](O)(Cn2cncn2)c3ccc(F)cc3F {A1=S;A9=R},BCEHBSKCWLPMDN-MGPLVRAMSA-N
1174,XMD 8-92,CCOc1cc(ccc1Nc2ncc3c(n2)N(C)c4ccccc4C(=O)N3C)N5CCC(O)CC5,QAPAJIZPZGWAND-UHFFFAOYSA-N
